session_id,ecephys_session_id,stimulus_presentation_id,trial_id,stimulus_name,stimulus_family,region,bin_index,bin_start_time,bin_end_time,bin_size_sec,n_units,population_total_spikes,population_mean_rate_hz,population_median_rate_hz,population_std_rate_hz,population_max_rate_hz,active_unit_fraction,population_l2_rate_norm,population_rate_entropy,delta_population_mean_rate_hz,delta_population_std_rate_hz,delta_active_unit_fraction,delta_population_l2_rate_norm,delta_population_rate_entropy,population_state_speed,lag_population_mean_rate_hz,lag_active_unit_fraction,lag_population_l2_rate_norm,lag_population_rate_entropy,has_lag_history,H_raw,R_raw,S_raw,M_raw,Phi_neural_raw,H_ortho,H,R_ortho,R,S_ortho,S,M_ortho,M,Phi_neural,H_domain,R_domain,S_domain,M_domain,hrsm_domain
715093703,715093703,0,0,drifting_gratings,drifting_gratings,CA1,0,1574.7748229367066,1575.2748229367066,0.5,5,50.0,20.0,8.0,27.79928056623049,74.0,0.6,76.57675887630658,0.7335397772613093,0.0,0.0,0.0,0.0,0.0,0.0,5.6,0.4,20.5910311987482,0.6810506853459987,0,1.9179887287279522,0.67448975,-0.29016930103671734,0.0,0.5755772944228087,1.9179887287279522,1.9179887287279522,1.1113725780313344,1.1113725780313344,-0.42214831081744597,-0.42214831081744597,-1.0665521541551932,-1.0665521541551932,0.38516521044666185,high,mid,low,low,high_mid_low_low
715093703,715093703,0,0,drifting_gratings,drifting_gratings,CA1,1,1575.2748229367066,1575.7748229367066,0.5,5,54.0,21.6,10.0,30.81298427611321,82.0,0.6,84.14273587185052,0.7123326274812039,1.6000000000000014,3.013703709882723,0.0,7.565976995543934,-0.0212071497801054,8.299811304557634,20.0,0.6,76.57675887630658,0.7335397772613093,1,2.147448461957618,-0.706842502844662,-0.8366768176807464,1.5321556129101912,0.5340211885856003,2.147448461957618,2.147448461957618,-0.3484055966106143,-0.3484055966106143,-0.07641002111288142,-0.07641002111288142,-0.014197922714883404,-0.014197922714883404,0.4271087303798098,high,low,low,mid,high_low_low_mid
715093703,715093703,0,0,drifting_gratings,drifting_gratings,CA1,2,1575.7748229367066,1576.2748229367066,0.5,5,39.0,15.6,6.0,21.59259132202525,58.0,0.8,59.56509044734173,0.7995110627711745,-6.000000000000002,-9.220392954087965,0.2,-24.577645424508795,0.0871784352899706,26.928124719709924,21.6,0.6,84.14273587185052,0.7123326274812039,1,1.5664316702691696,-3.8071407135182866,-1.7640796232835583,1.676495042196799,-0.5820734060839692,1.5664316702691696,1.5664316702691696,-3.2500702729286357,-3.2500702729286357,1.1534230528505494,1.1534230528505494,-0.12522128191337023,-0.12522128191337023,-0.16385920793057174,high,low,high,mid,high_low_high_mid
715093703,715093703,0,0,drifting_gratings,drifting_gratings,CA1,3,1576.2748229367066,1576.7748229367066,0.5,5,53.0,21.2,8.0,30.135693122939777,80.0,0.6,82.38931969618392,0.7084923511924427,5.6,8.543101800914531,-0.2,22.824229248842197,-0.0910187115787317,25.006765356406053,15.6,0.8,59.56509044734173,0.7995110627711745,1,2.0914868809188247,-3.4873701114590174,-2.007376100574927,1.3587864276426145,-0.5111182258681263,2.0914868809188247,2.0914868809188247,-3.109801492013102,-3.109801492013102,0.6219925192698317,0.6219925192698317,-0.7721525281542676,-0.7721525281542676,-0.29211865499467826,high,low,high,low,high_low_high_low
715093703,715093703,0,0,drifting_gratings,drifting_gratings,CA1,4,1576.7748229367066,1577.2748229367066,0.5,5,0.0,0.0,0.0,0.0,0.0,0.0,0.0,0.0,-21.2,-30.135693122939777,-0.6,-82.38931969618392,-0.7084923511924427,90.2577529158116,21.2,0.6,82.38931969618392,0.7084923511924427,1,-0.9600476438719052,-14.347049969033396,-7.746778716300545,1.6339734015983405,-5.3549757319018765,-0.9600476438719052,-0.9600476438719052,-12.926246289020847,-12.926246289020847,2.582339446785456,2.582339446785456,-0.7201152859711244,-0.7201152859711244,-3.006017443019605,low,low,high,low,low_low_high_low
715093703,715093703,1,1,drifting_gratings,drifting_gratings,CA1,0,1577.7773474972146,1578.2773474972146,0.5,5,44.0,17.6,6.0,25.71847584908561,68.0,0.6,69.68500556073738,0.6747926851377837,0.0,0.0,0.0,0.0,0.0,0.0,5.6,0.4,20.5910311987482,0.6810506853459987,0,1.691366627281615,0.67448975,-0.2519984321580474,0.0,0.5284644862808918,1.691366627281615,1.691366627281615,1.1888483921856312,1.1888483921856312,-0.3519995462195652,-0.3519995462195652,-0.8974633994435326,-0.8974633994435326,0.4076880184510371,high,mid,low,low,high_mid_low_low
715093703,715093703,1,1,drifting_gratings,drifting_gratings,CA1,1,1578.2773474972146,1578.7773474972146,0.5,5,29.0,11.6,2.0,16.56019323558756,44.0,0.8,45.21061822182926,0.7448777770191137,-6.000000000000002,-9.158282613498056,0.2,-24.474387338908123,0.07008509188133,26.812584507348618,17.6,0.6,69.68500556073738,0.6747926851377837,1,1.1113992959839634,-3.7879114303480104,-1.5468448431424369,1.2910379053168708,-0.7330797680474033,1.1113992959839634,1.1113992959839634,-3.075278035221654,-3.075278035221654,1.4219944178757666,1.4219944178757666,-0.16250718643936524,-0.16250718643936524,-0.1760978769503223,high,low,high,mid,high_low_high_mid
715093703,715093703,1,1,drifting_gratings,drifting_gratings,CA1,2,1578.7773474972146,1579.2773474972146,0.5,5,38.0,15.2,2.0,22.22071105972984,58.0,0.6,60.19966777316965,0.6300305964883216,3.6,5.660517824142278,-0.2,14.989049551340386,-0.1148471805307921,16.42334492010826,11.6,0.8,45.21061822182926,0.7448777770191137,1,1.3902068701950778,-2.0588369733775034,-1.4928064549615088,0.9593309748370541,-0.30052639582672,1.3902068701950778,1.3902068701950778,-1.4415201588782385,-1.4415201588782385,0.27929844242782287,0.27929844242782287,-0.333432178608163,-0.333432178608163,-0.026361756215875193,high,low,mid,low,high_low_mid_low
715093703,715093703,1,1,drifting_gratings,drifting_gratings,CA1,3,1579.2773474972146,1579.7773474972146,0.5,5,29.0,11.6,4.0,17.453939383417143,46.0,0.6,46.86149805543992,0.6415082861254431,-3.6,-4.766771676312693,0.0,-13.33816971772972,0.0114776896371214,14.614684922037096,15.2,0.6,60.19966777316965,0.6300305964883216,1,0.983644444758707,-1.7578228541295453,-0.8248317753700557,1.0295759309180168,-0.1423585634557193,0.983644444758707,0.983644444758707,-1.0015136169398255,-1.0015136169398255,0.8031516017763402,0.8031516017763402,0.12338283167423958,0.12338283167423958,0.2271663153173653,high,low,high,mid,high_low_high_mid
715093703,715093703,1,1,drifting_gratings,drifting_gratings,CA1,4,1579.7773474972146,1580.2773474972146,0.5,5,0.0,0.0,0.0,0.0,0.0,0.0,0.0,0.0,-11.6,-17.453939383417143,-0.6,-46.86149805543992,-0.6415082861254431,51.3417133808482,11.6,0.6,46.86149805543992,0.6415082861254431,1,-0.9600476438719052,-7.870278559410607,-5.390369065861212,0.7190635365251273,-3.3754079331546496,-0.9600476438719052,-0.9600476438719052,-6.449474879398058,-6.449474879398058,0.6033844564172259,0.6033844564172259,-0.1888988703646195,-0.1888988703646195,-1.7487592343043392,low,low,high,mid,low_low_high_mid
715093703,715093703,2,2,drifting_gratings,drifting_gratings,CA1,0,1580.7798329367065,1581.2798329367065,0.5,5,40.0,16.0,4.0,24.39672109116305,64.0,0.6,65.23802572120036,0.6128694524619496,0.0,0.0,0.0,0.0,0.0,0.0,5.6,0.4,20.5910311987482,0.6810506853459987,0,1.5417845654156799,0.67448975,-0.23899542477110847,0.0,0.49431972266114277,1.5417845654156799,1.5417845654156799,1.2399863524815555,1.2399863524815555,-0.3178895084711323,-0.3178895084711323,-0.7862546951244569,-0.7862546951244569,0.41940667857541153,high,mid,low,low,high_mid_low_low
715093703,715093703,2,2,drifting_gratings,drifting_gratings,CA1,1,1581.2798329367065,1581.7798329367065,0.5,5,47.0,18.8,4.0,27.410946718418906,72.0,0.6,74.32361670424818,0.6550838284852538,2.8000000000000007,3.0142256272558505,0.0,9.085590983047824,0.0422143760233042,9.973730580719977,16.0,0.6,65.23802572120036,0.6128694524619496,1,1.828844458245249,-0.9854318104776835,-1.113888187264202,1.111782317981275,0.21032669462115963,1.828844458245249,1.828844458245249,-0.5180730275912853,-0.5180730275912853,-0.12218455681829399,-0.12218455681829399,-0.2665562709316307,-0.2665562709316307,0.23050765072600976,high,low,low,mid,high_low_low_mid
715093703,715093703,2,2,drifting_gratings,drifting_gratings,CA1,2,1581.7798329367065,1582.2798329367065,0.5,5,41.0,16.4,6.0,24.21239352067449,64.0,0.6,65.39113089708727,0.666012491802749,-2.400000000000002,-3.1985531977444133,0.0,-8.932485807160916,0.0109286633174952,9.786734117652022,18.8,0.6,74.32361670424818,0.6550838284852538,1,1.5573925149737367,-0.9543101094985539,-0.7691404498784417,1.382759229341214,0.3041752962344888,1.5573925149737367,1.5573925149737367,-0.39414943229335975,-0.39414943229335975,0.24003489489258778,0.24003489489258778,0.22330934071247954,0.22330934071247954,0.406646829571361,high,low,mid,mid,high_low_mid_mid
715093703,715093703,2,2,drifting_gratings,drifting_gratings,CA1,3,1582.2798329367065,1582.7798329367065,0.5,5,53.0,21.2,8.0,26.2175513730783,72.0,0.8,75.39230729988306,0.9349419696871348,4.800000000000001,2.005157852403812,0.2,10.001176402795792,0.2689294778843858,11.278143043824688,16.4,0.6,65.39113089708727,0.666012491802749,1,2.092639718636098,-1.2025243370643608,-2.497152076097625,1.1781737324317885,-0.10721574052352484,2.092639718636098,2.092639718636098,-0.8253498408754597,-0.8253498408754597,-1.3973562248553169,-1.3973562248553169,-0.48663462161266424,-0.48663462161266424,-0.1541752421768357,high,low,low,low,high_low_low_low
715093703,715093703,2,2,drifting_gratings,drifting_gratings,CA1,4,1582.7798329367065,1583.2798329367065,0.5,5,0.0,0.0,0.0,0.0,0.0,0.0,0.0,0.0,-21.2,-26.2175513730783,-0.8,-75.39230729988306,-0.9349419696871348,82.59730090315713,21.2,0.8,75.39230729988306,0.9349419696871348,1,-0.9600476438719052,-13.072125871585813,-8.872333377480711,1.9167077191268513,-5.246949793452894,-0.9600476438719052,-0.9600476438719052,-11.651322191573264,-11.651322191573264,0.6033872357742602,0.6033872357742602,-0.20466045922445741,-0.20466045922445741,-3.0531607647238417,low,low,high,mid,low_low_high_mid
715093703,715093703,0,0,natural_scenes,natural_scenes,CA1,0,5892.415052936706,5892.915052936706,0.5,5,12.0,4.8,0.0,6.013318551349163,14.0,0.4,17.204650534085253,0.6791932659915256,0.0,0.0,0.0,0.0,0.0,0.0,5.6,0.4,20.5910311987482,0.6810506853459987,0,-0.11069895504886096,0.67448975,0.36570094236442763,0.0,0.23237293432889167,-0.11069895504886096,-0.11069895504886096,1.8049246586196497,1.8049246586196497,0.519983346561557,0.519983346561557,0.4573728431364902,0.4573728431364902,0.667895473317209,mid,high,high,high,mid_high_high_high
715093703,715093703,1,1,natural_scenes,natural_scenes,CA1,0,5892.665249076834,5893.165249076834,0.5,5,25.0,10.0,0.0,13.023056476879765,32.0,0.4,36.71511950137164,0.6534181947937018,0.0,0.0,0.0,0.0,0.0,0.0,5.6,0.4,20.5910311987482,0.6810506853459987,0,0.4870696828833619,0.67448975,0.1349036564328655,0.0,0.32411577232905686,0.4870696828833619,0.4870696828833619,1.6005641324214992,1.6005641324214992,0.2048369038354284,0.2048369038354284,0.007109624275746408,0.007109624275746408,0.5748950858540091,mid,high,mid,mid,mid_high_mid_mid
715093703,715093703,2,2,natural_scenes,natural_scenes,CA1,0,5892.9154452169605,5893.4154452169605,0.5,5,7.0,2.8,2.0,2.993325909419153,8.0,0.6,9.16515138991168,0.9556998911125344,0.0,0.0,0.0,0.0,0.0,0.0,5.6,0.4,20.5910311987482,0.6810506853459987,0,-0.16631182878365625,0.67448975,0.5864080505120973,0.0,0.2736464929321103,-0.16631182878365625,-0.16631182878365625,1.8239371584710096,1.8239371584710096,0.7485378035140743,0.7485378035140743,0.50577386065385,0.50577386065385,0.7279842484638194,mid,high,high,high,mid_high_high_high
715093703,715093703,0,0,spontaneous,spontaneous,CA1,0,13.470682936706591,13.970682936706591,0.5,5,6.0,2.4,0.0,4.8,12.0,0.2,12.0,-0.0,0.0,0.0,0.0,0.0,0.0,0.0,5.6,0.4,20.5910311987482,0.6810506853459987,0,-0.4406188372561893,0.67448975,0.09325968581522073,0.0,0.08178264963975787,-0.4406188372561893,-0.4406188372561893,1.9177151204350218,1.9177151204350218,0.29409599416197885,0.29409599416197885,0.692815119400498,0.692815119400498,0.6160018491853273,low,high,mid,high,low_high_mid_high
715093703,715093703,0,0,spontaneous,spontaneous,CA1,1,13.970682936706591,14.470682936706591,0.5,5,2.0,0.8,0.0,1.6,4.0,0.2,4.0,-0.0,-1.6,-3.2,0.0,-8.0,0.0,8.763560920082657,2.4,0.2,12.0,-0.0,1,-0.67448975,-0.7840240528417398,-0.1440010385428266,-1.0222640136847376,-0.656194713767326,-0.67448975,-0.67448975,0.5391552993814431,0.5391552993814431,1.0661232436266153,1.0661232436266153,-0.47230629450469575,-0.47230629450469575,0.11462062462584066,low,mid,high,low,low_mid_high_low
715093703,715093703,0,0,spontaneous,spontaneous,CA1,2,14.470682936706591,14.970682936706591,0.5,5,4.0,1.6,0.0,3.2,8.0,0.2,8.0,-0.0,0.8,1.6,0.0,4.0,0.0,4.381780460041329,0.8,0.2,4.0,-0.0,1,-0.5575542936280947,-0.05476715142086989,-0.02537067636380294,-1.19109441046113,-0.4571966329684744,-0.5575542936280947,-0.5575542936280947,1.2284352099082325,1.2284352099082325,0.6801096188942971,0.6801096188942971,-0.56970799117086,-0.56970799117086,0.19532063600089372,low,mid,high,low,low_mid_high_low
715093703,715093703,0,0,spontaneous,spontaneous,CA1,3,14.970682936706591,15.470682936706591,0.5,5,16.0,6.4,0.0,8.2365041127896,20.0,0.4,23.323807579381203,0.6615632381579821,4.800000000000001,5.0365041127896,0.2,15.323807579381205,0.6615632381579821,16.84348890005065,1.6,0.2,8.0,-0.0,1,0.07996714828142973,-2.128761265513429,-4.011814714758839,-1.1066792120729336,-1.791822011015943,0.07996714828142973,0.07996714828142973,-1.0635098120504667,-1.0635098120504667,-2.0080209091759738,-2.0080209091759738,-1.5261547342490394,-1.5261547342490394,-1.1294295767985125,mid,low,low,low,mid_low_low_low
715093703,715093703,0,0,spontaneous,spontaneous,CA1,4,15.470682936706591,15.970682936706591,0.5,5,5.0,2.0,0.0,2.5298221281347035,6.0,0.4,7.211102550927978,0.6730116670092565,-4.4,-5.706681984654896,0.0,-16.112705028453224,0.0114484288512743,17.650654766168017,6.4,0.4,23.323807579381203,0.6615632381579821,1,-0.4069868410435078,-2.2630973610401983,-0.5126088319146321,0.05090531990205224,-0.7829469285240716,-0.4069868410435078,-0.4069868410435078,-1.0313698377771072,-1.0313698377771072,1.6498181632145887,1.6498181632145887,0.07803860705629453,0.07803860705629453,0.07237502286256706,mid,low,high,mid,mid_low_high_mid
715093703,715093703,0,0,spontaneous,spontaneous,CA1,5,15.970682936706591,16.47068293670659,0.5,5,4.0,1.6,0.0,2.3323807579381204,6.0,0.4,6.324555320336759,0.5623351446188083,-0.3999999999999999,-0.1974413701965831,0.0,-0.8865472305912192,-0.1106765223904482,0.9985982071596704,2.0,0.4,7.211102550927978,0.6730116670092565,1,-0.43004910646341277,0.5082936931781965,-0.20710772222584717,-0.3285185564749309,-0.11434542299649858,-0.43004910646341277,-0.43004910646341277,1.747905565665155,1.747905565665155,0.10348399034641342,0.10348399034641342,0.31152013581293336,0.31152013581293336,0.4332151463402723,mid,high,mid,high,mid_high_mid_high
715093703,715093703,0,0,spontaneous,spontaneous,CA1,6,16.47068293670659,16.97068293670659,0.5,5,10.0,4.0,0.0,4.898979485566356,10.0,0.4,14.142135623730953,0.6931471805599453,2.4,2.566598727628236,0.0,7.817580303394192,0.130812035941137,8.57199525299838,1.6,0.4,6.324555320336759,0.5623351446188083,1,-0.21810631042196332,-0.7521419021793618,-0.7491662919603407,-0.45572515055443136,-0.5437849137790243,-0.21810631042196332,-0.21810631042196332,0.4150126037372066,0.4150126037372066,0.3752182360892563,0.3752182360892563,-0.25681282108166503,-0.25681282108166503,0.07882792708070865,mid,mid,mid,mid,mid_mid_mid_mid
715093703,715093703,0,0,spontaneous,spontaneous,CA1,7,16.97068293670659,17.47068293670659,0.5,5,9.0,3.6,0.0,4.8,12.0,0.4,13.41640786499874,0.6365141682948128,-0.3999999999999999,-0.0989794855663559,0.0,-0.7257277587322122,-0.0566330122651325,0.8364717666697921,4.0,0.4,14.142135623730953,0.6931471805599453,1,-0.21544517242175354,0.5352762923084433,0.018306982238616334,-0.13834149214267732,0.04994915249565719,-0.21544517242175354,-0.21544517242175354,1.7015210289137779,1.7015210289137779,0.2805552665878925,0.2805552665878925,0.355827392279428,0.355827392279428,0.5306146288398362,mid,high,mid,high,mid_high_mid_high
715093703,715093703,0,0,spontaneous,spontaneous,CA1,8,17.47068293670659,17.97068293670659,0.5,5,14.0,5.6,0.0,9.32952303175248,24.0,0.4,24.33105012119288,0.410116318288409,2.0,4.52952303175248,0.0,10.91464225619414,-0.2263978500064037,11.98737879865162,3.6,0.4,13.41640786499874,0.6365141682948128,1,0.1102783267114304,-1.3205619872064909,-1.4077198348552091,-0.21511479456076704,-0.7082795724777592,0.1102783267114304,0.1102783267114304,-0.26567308537398615,-0.26567308537398615,0.05081149106872962,0.05081149106872962,-0.40109106164788455,-0.40109106164788455,-0.12641858231042769,mid,low,mid,low,mid_low_mid_low
715093703,715093703,0,0,spontaneous,spontaneous,CA1,9,17.97068293670659,18.47068293670659,0.5,5,18.0,7.2,0.0,9.6,24.0,0.4,26.83281572999748,0.6365141682948128,1.6000000000000003,0.2704769682475199,0.0,2.5017656088046003,0.2263978500064037,2.990525863161418,5.6,0.4,24.33105012119288,0.410116318288409,1,0.1919124240283982,0.17677845558989655,-1.2284091545150373,-0.19522223716547038,-0.2637351280155532,0.1919124240283982,0.1919124240283982,1.2037589225785879,1.2037589225785879,-0.7836736054693172,-0.7836736054693172,-0.11927752408391881,-0.11927752408391881,0.12318005426343753,mid,mid,low,mid,mid_mid_low_mid
715093703,715093703,1,1,spontaneous,spontaneous,CA1,0,985.5325513570876,986.0325513570876,0.5,5,20.0,8.0,4.0,8.294576541331088,18.0,0.6,25.76819745345025,0.9489154358953992,0.0,0.0,0.0,0.0,0.0,0.0,5.6,0.4,20.5910311987482,0.6810506853459987,0,0.3055516269326464,0.67448975,0.41767012719276364,0.0,0.3494278760313525,0.3055516269326464,0.3055516269326464,1.6626201237777394,1.6626201237777394,0.5132167875294589,0.5132167875294589,0.15078693512014657,0.15078693512014657,0.6580438683399978,mid,high,mid,mid,mid_high_mid_mid
715093703,715093703,1,1,spontaneous,spontaneous,CA1,1,986.0325513570876,986.5325513570876,0.5,5,26.0,10.4,2.0,12.09297316626478,28.0,0.6,35.66510900025401,0.8225715143524168,2.4000000000000004,3.7983966249336927,0.0,9.89691154680376,-0.1263439215429822,10.869803948189505,8.0,0.6,25.76819745345025,0.9489154358953992,1,0.6108944013170267,-1.1345647242249024,-0.8925951374376402,0.5752739484271706,-0.21024787797958636,0.6108944013170267,0.6108944013170267,-0.2508225804149422,-0.2508225804149422,0.3707946864757836,0.3707946864757836,0.07468290470892369,0.07468290470892369,0.20138735302169794,high,low,mid,mid,high_low_mid_mid
715093703,715093703,1,1,spontaneous,spontaneous,CA1,2,986.5325513570876,987.0325513570876,0.5,5,18.0,7.2,0.0,8.818163074019441,18.0,0.4,25.45584412271571,0.6931471805599453,-3.2,-3.274810092245339,-0.1999999999999999,-10.209264877538304,-0.1294243337924715,11.191524522520902,10.4,0.6,35.66510900025401,0.8225715143524168,1,0.10565085633799023,-1.1881084723199506,-1.0333463123414053,0.6887284010536481,-0.35676888181742933,0.10565085633799023,0.10565085633799023,-0.13163756664770987,-0.13163756664770987,0.3371774044484428,0.3371774044484428,0.5464133838148982,0.5464133838148982,0.21440101948840534,mid,low,mid,high,mid_low_mid_high
715093703,715093703,1,1,spontaneous,spontaneous,CA1,3,987.0325513570876,987.5325513570876,0.5,5,20.0,8.0,0.0,9.879271228182777,22.0,0.4,28.42534080710379,0.6881388137135884,0.7999999999999998,1.0611081541633336,0.0,2.96949668438808,-0.0050083668463568,3.253288514282461,7.2,0.4,25.45584412271571,0.6931471805599453,1,0.2121128238201016,0.13304703670364376,0.05548042547793637,0.1399314395061642,0.13514293137696148,0.2121128238201016,0.2121128238201016,1.1531215469912182,1.1531215469912182,0.5266381178464229,0.5266381178464229,0.23362961253863382,0.23362961253863382,0.531375525299094,mid,mid,high,mid,mid_mid_high_mid
715093703,715093703,1,1,spontaneous,spontaneous,CA1,4,987.5325513570876,988.0325513570876,0.5,5,14.0,5.6,0.0,6.974238309665077,16.0,0.4,20.0,0.6829081047004717,-2.4000000000000004,-2.9050329185176977,0.0,-8.42534080710379,-0.0052307090131167,9.229605155901124,8.0,0.4,28.42534080710379,0.6881388137135884,1,-0.030095847131426275,-0.8615874950172127,-0.19449182499808104,0.20680247245356076,-0.2198431736732898,-0.030095847131426275,-0.030095847131426275,0.24129144545363457,0.24129144545363457,0.9766229023825558,0.9766229023825558,0.2614618151481644,0.2614618151481644,0.36232007896323215,mid,low,high,mid,mid_low_high_mid
715093703,715093703,1,1,spontaneous,spontaneous,CA1,5,988.0325513570876,988.5325513570876,0.5,5,25.0,10.0,0.0,12.393546707863734,28.0,0.4,35.608987629529715,0.6859298002523728,4.4,5.419308398198657,0.0,15.608987629529716,0.0030216955519011,17.098813042554802,5.6,0.4,20.0,0.6829081047004717,1,0.42764970619268056,-2.171254698198726,-0.7730139543230499,-0.005826652416018296,-0.6306113996862784,0.42764970619268056,0.42764970619268056,-1.2248662729642845,-1.2248662729642845,1.2101633972384753,1.2101633972384753,-0.5859392539931655,-0.5859392539931655,-0.043248105881573545,mid,low,high,low,mid_low_high_low
715093703,715093703,1,1,spontaneous,spontaneous,CA1,6,988.5325513570876,989.0325513570876,0.5,5,20.0,8.0,0.0,11.027239001672177,28.0,0.4,30.463092423455635,0.6108643020548935,-2.0,-1.3663077061915576,0.0,-5.14589520607408,-0.0750654981974793,5.687940668547296,10.0,0.4,35.608987629529715,0.6859298002523728,1,0.3050902088967776,-0.2721505541496581,-0.6168463511827099,0.38017158869761175,-0.05093377693449465,0.3050902088967776,0.3050902088967776,0.7161375656632927,0.7161375656632927,0.11241923171966828,0.11241923171966828,0.297382217548013,0.297382217548013,0.35775730595693794,mid,mid,mid,high,mid_mid_mid_high
715093703,715093703,1,1,spontaneous,spontaneous,CA1,7,989.0325513570876,989.5325513570876,0.5,5,24.0,9.6,0.0,12.026637102698324,28.0,0.4,34.40930106817051,0.6791932659915256,1.5999999999999996,0.9993981010261486,0.0,3.946208644714872,0.0683289639366321,4.374474606083536,8.0,0.4,30.463092423455635,0.6108643020548935,1,0.40140485877418336,-0.05355124284943894,-0.4990554959210438,0.16342789621869103,0.003056504055597903,0.40140485877418336,0.40140485877418336,0.9018095681678822,0.9018095681678822,0.07029534857501707,0.07029534857501707,0.05936473225132377,0.05936473225132377,0.3582186269421016,mid,mid,mid,mid,mid_mid_mid_mid
715093703,715093703,1,1,spontaneous,spontaneous,CA1,8,989.5325513570876,990.0325513570876,0.5,5,25.0,10.0,2.0,11.523888232710346,26.0,0.6,34.11744421846396,0.8300282389569186,0.4000000000000003,-0.502748869987979,0.1999999999999999,-0.2918568497065479,0.1508349729653929,0.7487910496689256,9.6,0.4,34.40930106817051,0.6791932659915256,1,0.5570239682689079,0.5498689375989855,-0.5715820197316192,0.3420736227420962,0.2193461272195926,0.5570239682689079,0.5570239682689079,1.4520278890927973,1.4520278890927973,-0.42810220008149547,-0.42810220008149547,0.24794155144497976,0.24794155144497976,0.4572228021812974,mid,high,low,mid,mid_high_low_mid
715093703,715093703,1,1,spontaneous,spontaneous,CA1,9,990.0325513570876,990.5325513570876,0.5,5,26.0,10.4,2.0,12.09297316626478,28.0,0.6,35.66510900025401,0.8225715143524168,0.4000000000000003,0.5690849335544339,0.0,1.5476647817900542,-0.0074567246045017,1.6968145276174815,10.0,0.6,34.11744421846396,0.8300282389569186,1,0.6108944013170267,0.3920900004049301,0.11988285566582454,0.6589305026726228,0.445449440015101,0.6108944013170267,0.6108944013170267,1.2758321442148903,1.2758321442148903,0.36137388258782366,0.36137388258782366,0.5141457976608439,0.5141457976608439,0.6905615564451462,high,mid,mid,high,high_mid_mid_high
715093703,715093703,2,2,spontaneous,spontaneous,CA1,0,1573.0234065768334,1573.5234065768334,0.5,5,48.0,19.2,4.0,24.7095123383688,64.0,0.6,69.9714227381436,0.7621042220469585,0.0,0.0,0.0,0.0,0.0,0.0,5.6,0.4,20.5910311987482,0.6810506853459987,0,1.702307259373814,0.67448975,-0.18057707285904312,0.0,0.5490549841286927,1.702307259373814,1.702307259373814,1.1851080933652778,1.1851080933652778,-0.2821219833548616,-0.2821219833548616,-0.9032321581002328,-0.9032321581002328,0.42551530282099936,high,mid,low,low,high_mid_low_low
715093703,715093703,2,2,spontaneous,spontaneous,CA1,1,1573.5234065768334,1574.0234065768334,0.5,5,40.0,16.0,0.0,22.662744758744477,58.0,0.4,62.03224967708329,0.5881687773541907,-3.1999999999999997,-2.0467675796243263,-0.1999999999999999,-7.939173061060309,-0.1739354446927677,8.805111013348293,19.2,0.6,69.9714227381436,0.7621042220469585,1,1.2683135623373258,-0.790939208118223,-1.7351297750361003,1.4403029275405606,0.045636876680890726,1.2683135623373258,1.2683135623373258,-0.13195045074150713,-0.13195045074150713,-0.7945192408476044,-0.7945192408476044,0.4979166350630423,0.4979166350630423,0.20994012645281412,high,low,low,high,high_low_low_high
715093703,715093703,2,2,spontaneous,spontaneous,CA1,2,1574.0234065768334,1574.5234065768334,0.5,5,46.0,18.4,6.0,22.887551201471947,60.0,0.6,65.66582063752801,0.8139435712093348,2.3999999999999986,0.2248064427274734,0.1999999999999999,3.6335709604447217,0.2257747938551441,4.3708523332205225,16.0,0.4,62.03224967708329,0.5881687773541907,1,1.582265825411148,-0.05294839030849773,-1.7280300689792338,0.8804149723437986,0.17042558461680374,1.582265825411148,1.582265825411148,0.4987087915864329,0.4987087915864329,-1.3257101447494248,-1.3257101447494248,-0.138256255431787,-0.138256255431787,0.15425205420409227,high,mid,low,mid,high_mid_low_mid
715093703,715093703,2,2,spontaneous,spontaneous,CA1,3,1574.5234065768334,1575.0234065768334,0.5,5,14.0,5.6,0.0,9.32952303175248,24.0,0.4,24.33105012119288,0.410116318288409,-12.8,-13.558028169719467,-0.1999999999999999,-41.33477051633514,-0.4038272529209258,45.34783851452235,18.4,0.6,65.66582063752801,0.8139435712093348,1,0.1102783267114304,-6.872721823653929,-4.566025271161955,1.3984364123383197,-2.4825080889415334,0.1102783267114304,0.1102783267114304,-5.817832921821425,-5.817832921821425,0.608962281591829,0.608962281591829,-0.06442029991417697,-0.06442029991417697,-1.2907531533580856,mid,low,high,mid,mid_low_high_mid
715093703,715093703,0,0,drifting_gratings,drifting_gratings,LGd,0,1574.7748229367066,1575.2748229367066,0.5,5,22.0,8.8,2.0,12.172099243762352,32.0,0.6,33.58571124749333,0.7088329479943613,0.0,0.0,0.0,0.0,0.0,0.0,5.6,0.4,20.5910311987482,0.6810506853459987,0,0.5817308660559617,0.67448975,0.186813144435519,0.0,0.36075844012287017,0.5817308660559617,0.5817308660559617,1.5682020980554785,1.5682020980554785,0.24338906514826952,0.24338906514826952,-0.06130207528280061,-0.06130207528280061,0.5830049884942273,high,high,mid,mid,high_high_mid_mid
715093703,715093703,0,0,drifting_gratings,drifting_gratings,LGd,1,1575.2748229367066,1575.7748229367066,0.5,5,19.0,7.6,0.0,9.32952303175248,20.0,0.4,26.90724809414742,0.6917614988524178,-1.200000000000001,-2.842576212009872,-0.1999999999999999,-6.678463153345909,-0.0170714491419434,7.3595109243793635,8.8,0.6,33.58571124749333,0.7088329479943613,1,0.1585429455879505,-0.5503489158411717,-0.06995737965777805,0.49307644392411276,0.007828273503278374,0.1585429455879505,0.1585429455879505,0.48803965077053946,0.48803965077053946,0.8662049911769224,0.8662049911769224,0.47788799660490583,0.47788799660490583,0.4976688960350795,mid,mid,high,high,mid_mid_high_high
715093703,715093703,0,0,drifting_gratings,drifting_gratings,LGd,2,1575.7748229367066,1576.2748229367066,0.5,5,25.0,10.0,4.0,15.17893276880822,40.0,0.6,40.64480286580315,0.6350047569400391,2.4000000000000004,5.8494097370557405,0.1999999999999999,13.73755477165573,-0.0567567419123786,15.12412730387959,7.6,0.4,26.90724809414742,0.6917614988524178,1,0.7919870154854445,-1.842609021812492,-0.7288440578664164,0.17394599762485585,-0.401380016642152,0.7919870154854445,0.7919870154854445,-1.020777422607337,-1.020777422607337,0.9829368895853576,0.9829368895853576,-0.6050872872993142,-0.6050872872993142,0.03726479879103775,high,low,high,low,high_low_high_low
715093703,715093703,0,0,drifting_gratings,drifting_gratings,LGd,3,1576.2748229367066,1576.7748229367066,0.5,5,19.0,7.6,2.0,12.289833196589774,32.0,0.6,32.31098884280702,0.5366645624845252,-2.4000000000000004,-2.8890995722184467,0.0,-8.33381402299613,-0.0983401944555139,9.141609448118274,10.0,0.6,40.64480286580315,0.6350047569400391,1,0.5266196545583953,-0.8469424260135837,-0.8901978345969004,0.5670085589364624,-0.1608780117789066,0.5266196545583953,0.5266196545583953,0.0656109174812326,0.0656109174812326,0.19255762006291377,0.19255762006291377,0.18971170938609166,0.18971170938609166,0.24362497537215833,mid,low,mid,mid,mid_low_mid_mid
715093703,715093703,0,0,drifting_gratings,drifting_gratings,LGd,4,1576.7748229367066,1577.2748229367066,0.5,5,0.0,0.0,0.0,0.0,0.0,0.0,0.0,0.0,-7.6,-12.289833196589774,-0.6,-32.31098884280702,-0.5366645624845252,35.4040676879455,7.6,0.6,32.31098884280702,0.5366645624845252,1,-0.9600476438719052,-5.217786445773249,-4.02613724643617,0.2721609594411586,-2.482952594160041,-0.9600476438719052,-0.9600476438719052,-3.7969827657607,-3.7969827657607,0.19211428693479515,0.19211428693479515,-0.030510104028978025,-0.030510104028978025,-1.148856556681697,low,low,mid,mid,low_low_mid_mid
715093703,715093703,1,1,drifting_gratings,drifting_gratings,LGd,0,1577.7773474972146,1578.2773474972146,0.5,5,32.0,12.8,4.0,18.787229705307805,50.0,0.8,50.83306010855534,0.7343806706964617,0.0,0.0,0.0,0.0,0.0,0.0,5.6,0.4,20.5910311987482,0.6810506853459987,0,1.2829651802200095,0.67448975,-0.008203108702586337,0.0,0.4873129553793558,1.2829651802200095,1.2829651802200095,1.328469525389108,1.328469525389108,-0.050576044389792796,-0.050576044389792796,-0.5870248865089065,-0.5870248865089065,0.49345844367760455,high,mid,low,low,high_mid_low_low
715093703,715093703,1,1,drifting_gratings,drifting_gratings,LGd,1,1578.2773474972146,1578.7773474972146,0.5,5,34.0,13.6,4.0,15.564061166674977,38.0,0.6,46.216880033165374,0.8594494477843309,0.7999999999999989,-3.22316853863283,-0.2,-4.616180075389963,0.1250687770878691,5.691535479627798,12.8,0.8,50.83306010855534,0.7343806706964617,1,0.9509965596171909,-0.27274883624381296,-0.640615488317602,1.0717690744659374,0.2773503273804283,0.9509965596171909,0.9509965596171909,0.4947218078237523,0.4947218078237523,-0.002091142920504163,-0.002091142920504163,0.5097040322953118,0.5097040322953118,0.4883328142039377,high,mid,mid,high,high_mid_mid_high
715093703,715093703,1,1,drifting_gratings,drifting_gratings,LGd,2,1578.7773474972146,1579.2773474972146,0.5,5,22.0,8.8,0.0,11.906300852909776,30.0,0.4,33.1058907144937,0.625491359725573,-4.799999999999999,-3.6577603137652,-0.1999999999999999,-13.110989318671676,-0.2339580880587578,14.43648114376376,13.6,0.6,46.216880033165374,0.8594494477843309,1,0.38414286762012384,-1.7281645140209494,-2.017573883305762,0.9903692667160967,-0.5928065657476227,0.38414286762012384,0.38414286762012384,-0.7669023067582947,-0.7669023067582947,-0.3248492605363831,-0.3248492605363831,0.4954697496927204,0.4954697496927204,-0.053034737495458395,mid,low,low,high,mid_low_low_high
715093703,715093703,1,1,drifting_gratings,drifting_gratings,LGd,3,1579.2773474972146,1579.7773474972146,0.5,5,25.0,10.0,4.0,12.77497553813705,34.0,0.6,36.27671429443411,0.806816703850445,1.1999999999999993,0.8686746852272744,0.1999999999999999,3.1708235799404108,0.181325344124872,3.510213207809866,8.8,0.4,33.1058907144937,0.625491359725573,1,0.6753253221313557,0.09028722534181786,-0.941451664839936,0.243742059493534,0.016975735531692876,0.6753253221313557,0.6753253221313557,0.9520022234544145,0.9520022234544145,-0.507034168310559,-0.507034168310559,-0.047244667675721996,-0.047244667675721996,0.26826217739987224,high,mid,low,mid,high_mid_low_mid
715093703,715093703,1,1,drifting_gratings,drifting_gratings,LGd,4,1579.7773474972146,1580.2773474972146,0.5,5,0.0,0.0,0.0,0.0,0.0,0.0,0.0,0.0,-10.0,-12.77497553813705,-0.6,-36.27671429443411,-0.806816703850445,39.751867291909846,10.0,0.6,36.27671429443411,0.806816703850445,1,-0.9600476438719052,-5.941387935190639,-5.874780068842101,0.6655086009754467,-3.0276767617323,-0.9600476438719052,-0.9600476438719052,-4.520584255178091,-4.520584255178091,-1.172170494581354,-1.172170494581354,0.1494610243775807,0.1494610243775807,-1.6258353423134424,low,low,low,mid,low_low_low_mid
715093703,715093703,2,2,drifting_gratings,drifting_gratings,LGd,0,1580.7798329367065,1581.2798329367065,0.5,5,30.0,12.0,12.0,10.807404868885037,26.0,0.6,36.11094017053558,1.052139166223809,0.0,0.0,0.0,0.0,0.0,0.0,5.6,0.4,20.5910311987482,0.6810506853459987,0,0.6475441522867318,0.67448975,0.38632387301191123,0.0,0.42708944382466074,0.6475441522867318,0.6475441522867318,1.5457023599436328,1.5457023599436328,0.4336130984262139,0.4336130984262139,-0.10352465050312562,-0.10352465050312562,0.6308337400383632,high,high,mid,mid,high_high_mid_mid
715093703,715093703,2,2,drifting_gratings,drifting_gratings,LGd,1,1581.2798329367065,1581.7798329367065,0.5,5,39.0,15.6,16.0,12.986146464598342,30.0,0.8,45.38722287164087,1.1538939957064416,3.6,2.178741595713305,0.2,9.276282701105288,0.1017548294826322,10.188556803445698,12.0,0.6,36.11094017053558,1.052139166223809,1,1.0850904723505992,-1.0211852004426911,-0.8998224588364123,0.9674021733052722,0.032871246594191994,1.0850904723505992,1.0850904723505992,-0.2995575478391165,-0.2995575478391165,0.22076213005331624,0.22076213005331624,0.13934208542776239,0.13934208542776239,0.28640928499814033,high,low,mid,mid,high_low_mid_mid
715093703,715093703,2,2,drifting_gratings,drifting_gratings,LGd,2,1581.7798329367065,1582.2798329367065,0.5,5,30.0,12.0,16.0,9.20869154657707,22.0,0.8,33.823069050575526,1.1999230061901147,-3.6,-3.777454918021272,0.0,-11.56415382106534,0.0460290104836731,12.687038185673964,15.6,0.8,45.38722287164087,1.1538939957064416,1,0.7447360424377221,-1.4370058486191934,-0.48378120335127983,1.4964603057581314,0.08010232405634504,0.7447360424377221,0.7447360424377221,-0.5990204516022134,-0.5990204516022134,0.9631680655349504,0.9631680655349504,0.8461709535483442,0.8461709535483442,0.48876365247970077,high,low,high,high,high_low_high_high
715093703,715093703,2,2,drifting_gratings,drifting_gratings,LGd,3,1582.2798329367065,1582.7798329367065,0.5,5,25.0,10.0,10.0,9.2951600308978,24.0,0.6,30.52867504494749,1.038811757145593,-2.0,0.086468484320731,-0.2,-3.294394005628032,-0.1611112490445216,3.863478419464424,12.0,0.8,33.823069050575526,1.1999230061901147,1,0.4964607030345081,0.03149352356229951,-0.794865998284463,1.2393697129822765,0.24311448532365526,0.4964607030345081,0.4964607030345081,0.9543573765283486,0.9543573765283486,-0.2958546922705516,-0.2958546922705516,1.0732162655982909,1.0732162655982909,0.5570449132226489,mid,mid,low,high,mid_mid_low_high
715093703,715093703,2,2,drifting_gratings,drifting_gratings,LGd,4,1582.7798329367065,1583.2798329367065,0.5,5,0.0,0.0,0.0,0.0,0.0,0.0,0.0,0.0,-10.0,-9.2951600308978,-0.6,-30.52867504494749,-1.038811757145593,33.46399751773215,10.0,0.6,30.52867504494749,1.038811757145593,1,-0.9600476438719052,-4.894901816164147,-7.027897991243085,0.8004141817532076,-3.020608317381482,-0.9600476438719052,-0.9600476438719052,-3.474098136151598,-3.474098136151598,-3.0257761493087783,-3.0257761493087783,0.4678970998999151,0.4678970998999151,-1.7480062073580918,low,low,low,high,low_low_low_high
715093703,715093703,0,0,natural_scenes,natural_scenes,LGd,0,5892.415052936706,5892.915052936706,0.5,5,6.0,2.4,2.0,2.3323807579381204,6.0,0.6,7.483314773547883,1.0114042647073518,0.0,0.0,0.0,0.0,0.0,0.0,5.6,0.4,20.5910311987482,0.6810506853459987,0,-0.22154591316354866,0.67448975,0.6325129415976009,0.0,0.271364194608513,-0.22154591316354866,-0.22154591316354866,1.8428201607425803,1.8428201607425803,0.8024365936905037,0.8024365936905037,0.5481881832309954,0.5481881832309954,0.7429747561251326,mid,high,high,high,mid_high_high_high
715093703,715093703,1,1,natural_scenes,natural_scenes,LGd,0,5892.665249076834,5893.165249076834,0.5,5,4.0,1.6,2.0,0.8,2.0,0.8,4.0,1.3862943611198906,0.0,0.0,0.0,0.0,0.0,0.0,5.6,0.4,20.5910311987482,0.6810506853459987,0,-0.16460761755952377,0.67448975,0.8516950173645899,0.0,0.34039428745126654,-0.16460761755952377,-0.16460761755952377,1.8233545358969627,1.8233545358969627,1.013584294753372,1.013584294753372,0.5131814977123478,0.5131814977123478,0.7963781777007897,mid,high,high,high,mid_high_high_high
715093703,715093703,2,2,natural_scenes,natural_scenes,LGd,0,5892.9154452169605,5893.4154452169605,0.5,5,20.0,8.0,6.0,6.928203230275509,18.0,0.8,23.664319132398465,1.161120818283116,0.0,0.0,0.0,0.0,0.0,0.0,5.6,0.4,20.5910311987482,0.6810506853459987,0,0.45279136154640715,0.67448975,0.557327928255678,0.0,0.4211522599505213,0.45279136154640715,0.45279136154640715,1.6122829402362437,1.6122829402362437,0.6320980762877337,0.6320980762877337,0.04630210027272753,0.04630210027272753,0.6858686195857782,mid,high,high,mid,mid_high_high_mid
715093703,715093703,0,0,spontaneous,spontaneous,LGd,0,13.470682936706591,13.970682936706591,0.5,5,0.0,0.0,0.0,0.0,0.0,0.0,0.0,0.0,0.0,0.0,0.0,0.0,0.0,0.0,5.6,0.4,20.5910311987482,0.6810506853459987,0,-0.9600476438719052,0.67448975,0.24323591177814974,0.0,-0.010580495523438871,-0.9600476438719052,-0.9600476438719052,2.095293430012549,2.095293430012549,0.5173671022458588,0.5173671022458588,1.082416837748742,1.082416837748742,0.6837574315338111,low,high,high,high,low_high_high_high
715093703,715093703,0,0,spontaneous,spontaneous,LGd,1,13.970682936706591,14.470682936706591,0.5,5,0.0,0.0,0.0,0.0,0.0,0.0,0.0,0.0,0.0,0.0,0.0,0.0,0.0,0.0,0.0,0.0,0.0,0.0,1,-0.9600476438719052,0.67448975,0.24323591177814974,-1.4441320463493266,-0.3716135071107705,-0.9600476438719052,-0.9600476438719052,2.095293430012549,2.095293430012549,0.5173671022458588,0.5173671022458588,-0.3617152086005846,-0.3617152086005846,0.3227244199464795,low,high,high,low,low_high_high_low
715093703,715093703,0,0,spontaneous,spontaneous,LGd,2,14.470682936706591,14.970682936706591,0.5,5,2.0,0.8,0.0,1.6000000000000003,4.0,0.2,4.0,-0.0,0.8,1.6000000000000003,0.2,4.0,-0.0,4.386342439892262,0.0,0.0,0.0,0.0,1,-0.67448975,-0.05552639879092295,0.024621398957173357,-1.4441320463493266,-0.537381699045769,-0.67448975,-0.67448975,1.26765295343226,1.26765295343226,0.7471102883457676,0.7471102883457676,-0.7346673753596972,-0.7346673753596972,0.15140152910458263,low,mid,high,low,low_mid_high_low
715093703,715093703,0,0,spontaneous,spontaneous,LGd,3,14.970682936706591,15.470682936706591,0.5,5,6.0,2.4,0.0,3.878143885933064,10.0,0.4,10.198039027185567,0.4505612088663046,1.6,2.278143885933063,0.2,6.198039027185569,0.4505612088663046,6.812388182602684,0.8,0.2,4.0,-0.0,1,-0.3143994945624785,-0.4592916301091548,-2.2487900179200917,-1.19109441046113,-1.053393888263214,-0.3143994945624785,-0.3143994945624785,0.7407828460626653,0.7407828460626653,-1.3068434325981406,-1.3068434325981406,-0.907969012419017,-0.907969012419017,-0.4471072733792427,mid,mid,low,low,mid_mid_low_low
715093703,715093703,0,0,spontaneous,spontaneous,LGd,4,15.470682936706591,15.970682936706591,0.5,5,2.0,0.8,0.0,0.9797958971132712,2.0,0.4,2.8284271247461903,0.6931471805599453,-1.6,-2.898347988819792,0.0,-7.369611902439379,0.2425859716936406,8.08272532074018,2.4,0.4,10.198039027185567,0.4505612088663046,1,-0.5418634771819169,-0.6707130222957609,-1.0136546269902387,-0.4730053951229275,-0.674809130397711,-0.5418634771819169,-0.5418634771819169,0.6071250838651352,0.6071250838651352,0.10190805285239746,0.10190805285239746,-0.025741972493728615,-0.025741972493728615,0.035356921760471796,low,mid,mid,mid,low_mid_mid_mid
715093703,715093703,0,0,spontaneous,spontaneous,LGd,5,15.970682936706591,16.47068293670659,0.5,5,5.0,2.0,0.0,4.0,10.0,0.2,10.0,-0.0,1.2,3.0202041028867286,-0.2,7.17157287525381,-0.6931471805599453,7.906550660186036,0.8,0.4,2.8284271247461903,0.6931471805599453,1,-0.49908656544214197,-0.6413923869430311,-3.5799256887621094,-0.41661442379151886,-1.2842547662347004,-0.49908656544214197,-0.49908656544214197,0.6218214789390308,0.6218214789390308,-2.490025508189122,-2.490025508189122,-0.07870248019985321,-0.07870248019985321,-0.6114982687230216,low,mid,low,mid,low_mid_low_mid
715093703,715093703,0,0,spontaneous,spontaneous,LGd,6,16.47068293670659,16.97068293670659,0.5,5,6.0,2.4,0.0,2.9393876913398134,6.0,0.4,8.48528137423857,0.6931471805599453,0.3999999999999999,-1.0606123086601866,0.2,-1.5147186257614305,0.6931471805599453,2.024777518254361,2.0,0.2,10.0,-0.0,1,-0.3799848938019401,0.337507330982392,-3.0614367981255866,-1.0644716128788356,-1.0420964934559926,-0.3799848938019401,-0.3799848938019401,1.5600036370211243,1.5600036370211243,-2.643589998636728,-2.643589998636728,-0.5908958972660487,-0.5908958972660487,-0.5136167881708982,mid,high,low,low,mid_high_low_low
715093703,715093703,0,0,spontaneous,spontaneous,LGd,7,16.97068293670659,17.47068293670659,0.5,5,9.0,3.6,2.0,2.939387691339814,8.0,0.8,10.392304845413264,1.2148896539491203,1.2000000000000002,4.440892098500626e-16,0.4,1.9070234711746945,0.5217424733891752,2.3471160448834727,2.4,0.4,8.48528137423857,0.6931471805599453,1,0.042886484863969634,0.2838607374842099,-2.139696423005222,-0.2774779579670981,-0.5226067896560351,0.042886484863969634,0.042886484863969634,1.3617890418337988,1.3617890418337988,-1.7456101182163544,-1.7456101182163544,-0.0983070512662298,-0.0983070512662298,-0.10981041069620394,mid,high,low,mid,mid_high_low_mid
715093703,715093703,0,0,spontaneous,spontaneous,LGd,8,17.47068293670659,17.97068293670659,0.5,5,9.0,3.6,0.0,5.425863986500215,14.0,0.4,14.560219778561036,0.5297061990576545,0.0,2.4864762951604016,-0.4,4.167914933147772,-0.685183454891466,4.917677868995468,3.6,0.8,10.392304845413264,1.2148896539491203,1,-0.1797311554238287,-0.14395621223695704,-3.0899153469615146,0.601734514046905,-0.7029670501438489,-0.1797311554238287,-0.1797311554238287,1.010078892006947,1.010078892006947,-2.378047831941264,-2.378047831941264,0.8242912314585,0.8242912314585,-0.1808522159749114,mid,mid,low,high,mid_mid_low_high
715093703,715093703,0,0,spontaneous,spontaneous,LGd,9,17.97068293670659,18.47068293670659,0.5,5,13.0,5.2,2.0,7.547184905645284,20.0,0.6,20.4939015319192,0.6870920273799715,1.6,2.1213209191450684,0.1999999999999999,5.93368175335816,0.157385828322317,6.506408524761932,3.6,0.4,14.560219778561036,0.5297061990576545,1,0.17767231295690053,-0.4083676326132464,-0.798137496846565,-0.2962648174810063,-0.3312744084959793,0.17767231295690053,0.17767231295690053,0.623481133591941,0.623481133591941,0.04028740169765366,0.04028740169765366,-0.3194052169971305,-0.3194052169971305,0.1305089078123412,mid,mid,mid,mid,mid_mid_mid_mid
715093703,715093703,1,1,spontaneous,spontaneous,LGd,0,985.5325513570876,986.0325513570876,0.5,5,19.0,7.6,8.0,5.986651818838306,16.0,0.8,21.633307652783937,1.2112144216250416,0.0,0.0,0.0,0.0,0.0,0.0,5.6,0.4,20.5910311987482,0.6810506853459987,0,0.3940084491370966,0.67448975,0.6096365825072925,0.0,0.41953369541109725,0.3940084491370966,0.3940084491370966,1.632379188431835,1.632379188431835,0.692701393024161,0.692701393024161,0.09154750717421321,0.09154750717421321,0.7026591344418265,mid,high,high,mid,mid_high_high_mid
715093703,715093703,1,1,spontaneous,spontaneous,LGd,1,986.0325513570876,986.5325513570876,0.5,5,25.0,10.0,4.0,11.171392035015153,28.0,0.6,33.52610922848042,0.8945510979978214,2.4000000000000004,5.184740216176847,-0.2,11.892801575696485,-0.3166633236272201,13.19926271004032,7.6,0.8,21.633307652783937,1.2112144216250416,1,0.575102872850279,-1.522255046491527,-1.7768813687116238,0.9095194334342178,-0.4536285272296635,0.575102872850279,0.575102872850279,-0.6262767712976886,-0.6262767712976886,-0.2489323609098002,-0.2489323609098002,0.3245837431269829,0.3245837431269829,0.006119370942443275,high,low,low,high,high_low_low_high
715093703,715093703,1,1,spontaneous,spontaneous,LGd,2,986.5325513570876,987.0325513570876,0.5,5,7.0,2.8,0.0,4.66476151587624,12.0,0.4,12.16552506059644,0.410116318288409,-7.2,-6.506630519138913,-0.1999999999999999,-21.360584167883985,-0.4844347797094124,23.46754085458547,10.0,0.6,33.52610922848042,0.8945510979978214,1,-0.25626222108023744,-3.231197968416923,-3.6405725402535283,0.7092161073714938,-1.604704155594799,-0.25626222108023744,-0.25626222108023744,-2.0509990143896815,-2.0509990143896815,-0.8513950744744831,-0.8513950744744831,0.3178492154844237,0.3178492154844237,-0.7102017736149946,mid,low,low,high,mid_low_low_high
715093703,715093703,1,1,spontaneous,spontaneous,LGd,3,987.0325513570876,987.5325513570876,0.5,5,12.0,4.8,0.0,8.634813257969162,22.0,0.4,22.09072203437452,0.2868359830561607,2.0,3.970051742092922,0.0,9.925196973778084,-0.1232803352322483,10.87593875691858,2.8,0.4,12.16552506059644,0.410116318288409,1,0.03531616158330863,-1.1355857364927175,-0.929805860403959,-0.4674277218279207,-0.6243757892853221,0.03531616158330863,0.03531616158330863,-0.05506934847504352,-0.05506934847504352,0.4154853428248657,0.4154853428248657,-0.5431648119475417,-0.5431648119475417,-0.03685816400360273,mid,low,mid,low,mid_low_mid_low
715093703,715093703,1,1,spontaneous,spontaneous,LGd,4,987.5325513570876,988.0325513570876,0.5,5,1.0,0.4,0.0,0.8000000000000002,2.0,0.2,2.0,-0.0,-4.4,-7.834813257969162,-0.2,-20.09072203437452,-0.2868359830561607,22.011444421730417,4.8,0.4,22.09072203437452,0.2868359830561607,1,-0.7329574781859527,-2.988860776383381,-2.13488510703088,-0.3677336581404429,-1.556109254935164,-0.7329574781859527,-0.7329574781859527,-1.6456929287131579,-1.6456929287131579,0.5593436993009342,0.5593436993009342,-0.30561503096127046,-0.30561503096127046,-0.5312304346398616,low,low,high,mid,low_low_high_mid
715093703,715093703,1,1,spontaneous,spontaneous,LGd,5,988.0325513570876,988.5325513570876,0.5,5,9.0,3.6,4.0,2.65329983228432,8.0,0.8,10.0,1.2730283365896258,3.2,1.85329983228432,0.6000000000000001,8.0,1.2730283365896258,8.924982992370644,0.4,0.2,2.0,-0.0,1,0.038899306581667556,-0.8108894244255463,-6.259970420501625,-1.2333020096552283,-2.0663156370001827,0.038899306581667556,0.038899306581667556,0.2684019856477481,0.2684019856477481,-5.132527202627541,-5.132527202627541,-1.4172502054047753,-1.4172502054047753,-1.5606190289507251,mid,low,low,low,mid_low_low_low
715093703,715093703,1,1,spontaneous,spontaneous,LGd,6,988.5325513570876,989.0325513570876,0.5,5,4.0,1.6,0.0,1.9595917942265424,4.0,0.4,5.656854249492381,0.6931471805599453,-2.0,-0.6937080380577776,-0.4,-4.343145750507619,-0.5798811560296805,4.882664027693968,3.6,0.8,10.0,1.2730283365896258,1,-0.46092418549192854,-0.13812888116749195,-2.8050857154385405,0.6488254145768961,-0.6888283418802663,-0.46092418549192854,-0.46092418549192854,1.1120383249323225,1.1120383249323225,-2.057440629267225,-2.057440629267225,1.0901801722294169,1.0901801722294169,-0.0790365793993536,low,mid,low,high,low_mid_low_high
715093703,715093703,1,1,spontaneous,spontaneous,LGd,7,989.0325513570876,989.5325513570876,0.5,5,9.0,3.6,4.0,3.666060555964672,10.0,0.6,11.489125293076055,0.9950269901795212,2.0,1.7064687617381298,0.1999999999999999,5.832271043583677,0.3018798096195759,6.407694794547306,1.6,0.4,5.656854249492381,0.6931471805599453,1,-0.09049953196269511,-0.391938770035468,-1.3386735333544046,-0.3470461908793085,-0.5420395065579691,-0.09049953196269511,-0.09049953196269511,0.7315905157916123,0.7315905157916123,-0.4734048005649909,-0.4734048005649909,-0.1857649624014733,-0.1857649624014733,-0.004519694784386762,mid,mid,low,mid,mid_mid_low_mid
715093703,715093703,1,1,spontaneous,spontaneous,LGd,8,989.5325513570876,990.0325513570876,0.5,5,5.0,2.0,2.0,2.1908902300206643,6.0,0.6,6.6332495807108,0.9502705392332348,-1.6,-1.475170325944008,0.0,-4.855875712365258,-0.0447564509462865,5.321433976324977,3.6,0.6,11.489125293076055,0.9950269901795212,1,-0.24423739450997578,-0.21115308128276336,0.04929508406178659,0.25012749992264455,-0.038991972952077,-0.24423739450997578,-0.24423739450997578,0.9649349178876949,0.9649349178876949,0.8152445141958871,0.8152445141958871,0.6088464687566462,0.6088464687566462,0.5361971265825631,mid,mid,high,high,mid_mid_high_high
715093703,715093703,1,1,spontaneous,spontaneous,LGd,9,990.0325513570876,990.5325513570876,0.5,5,16.0,6.4,0.0,8.708616422830897,22.0,0.4,24.166091947189145,0.6210863745552451,4.4,6.517726192810232,-0.1999999999999999,17.532842366478345,-0.3291841646779896,19.21951295913862,2.0,0.6,6.6332495807108,0.9502705392332348,1,0.11261659930214588,-2.524201420225239,-2.3086793602903217,0.08106274242101691,-1.1598003596980995,0.11261659930214588,0.11261659930214588,-1.4701119089708121,-1.4701119089708121,-0.04479633611752787,-0.04479633611752787,-0.39052531262208356,-0.39052531262208356,-0.4482042396020694,mid,low,low,low,mid_low_low_low
715093703,715093703,2,2,spontaneous,spontaneous,LGd,0,1573.0234065768334,1573.5234065768334,0.5,5,33.0,13.2,12.0,13.541048703848606,38.0,0.8,42.28474902373195,1.0626812444083624,0.0,0.0,0.0,0.0,0.0,0.0,5.6,0.4,20.5910311987482,0.6810506853459987,0,1.0656030342298506,0.67448975,0.30572815357813043,0.0,0.5114552344519953,1.0656030342298506,1.0656030342298506,1.4027796174738396,1.4027796174738396,0.2940264719010852,0.2940264719010852,-0.41578216370755644,-0.41578216370755644,0.5866567399743047,high,high,mid,low,high_high_mid_low
715093703,715093703,2,2,spontaneous,spontaneous,LGd,1,1573.5234065768334,1574.0234065768334,0.5,5,16.0,6.4,6.0,4.6303347611160905,14.0,0.8,17.663521732655695,1.2820462400528454,-6.799999999999999,-8.910713942732515,0.0,-24.62122729107625,0.2193649956444829,27.05353539353701,13.2,0.8,42.28474902373195,1.0626812444083624,1,0.2874171224918738,-3.828012731236715,-1.8392509182094146,1.2742903293642298,-1.0263890493975063,0.2874171224918738,0.2874171224918738,-2.8336826731083904,-2.8336826731083904,1.2727004022542099,1.2727004022542099,0.4129714462723072,0.4129714462723072,-0.21514842552249994,mid,low,high,high,mid_low_high_high
715093703,715093703,2,2,spontaneous,spontaneous,LGd,2,1574.0234065768334,1574.5234065768334,0.5,5,29.0,11.6,10.0,11.892854997854805,32.0,0.6,37.14835124201342,0.9864633661435191,5.199999999999999,7.262520236738714,-0.2,19.484829509357724,-0.2955828739093262,21.43758732770844,6.4,0.8,17.663521732655695,1.2820462400528454,1,0.7163027370786286,-2.893354109616031,-2.2428243836509316,0.8720538802113795,-0.8869554689942387,0.7163027370786286,0.7163027370786286,-2.0456481537138655,-2.0456481537138655,0.18297468580441878,0.18297468580441878,-0.12251989684434461,-0.12251989684434461,-0.3172226569187907,high,low,mid,mid,high_low_mid_mid
715093703,715093703,2,2,spontaneous,spontaneous,LGd,3,1574.5234065768334,1575.0234065768334,0.5,5,14.0,5.6,6.0,4.2708313008125245,12.0,0.8,15.748015748023622,1.2396593920543857,-6.0,-7.62202369704228,0.2,-21.4003354939898,0.2531960259108663,23.49837681034864,11.6,0.6,37.14835124201342,0.9864633661435191,1,0.21575627685187748,-3.2363299766855405,-1.8469192482030403,0.9048748591892919,-0.9906545222118528,0.21575627685187748,0.21575627685187748,-2.217501061987135,-2.217501061987135,0.8790884662584604,0.8790884662584604,0.2214540497897013,0.2214540497897013,-0.225300567271774,mid,low,high,mid,mid_low_high_mid
715093703,715093703,0,0,drifting_gratings,drifting_gratings,VISl,0,1574.7748229367066,1575.2748229367066,0.5,5,14.0,5.6,4.0,4.963869458396342,14.0,0.8,16.73320053068151,1.1709971261162124,0.0,0.0,0.0,0.0,0.0,0.0,5.6,0.4,20.5910311987482,0.6810506853459987,0,0.24985809186269797,0.67448975,0.6232165223400327,0.0,0.38689109105068265,0.24985809186269797,0.24985809186269797,1.6816601995035259,1.6816601995035259,0.7266219133359825,0.7266219133359825,0.1987522266498753,0.1987522266498753,0.7142231078380203,mid,high,high,mid,mid_high_high_mid
715093703,715093703,0,0,drifting_gratings,drifting_gratings,VISl,1,1575.2748229367066,1575.7748229367066,0.5,5,16.0,6.4,4.0,8.138795979750322,22.0,0.6,23.15167380558045,0.8314025204956377,0.8000000000000007,3.17492652135398,-0.2,6.41847327489894,-0.3395946056205747,7.216112671844543,5.6,0.8,16.73320053068151,1.1709971261162124,1,0.2709290290857367,-0.526483236976986,-1.4877166838487332,0.727096657942867,-0.2540435584492789,0.2709290290857367,0.2709290290857367,0.4734836432103514,0.4734836432103514,-0.5833877413436345,-0.5833877413436345,0.5873839187157811,0.5873839187157811,0.18710221241705868,mid,mid,low,high,mid_mid_low_high
715093703,715093703,0,0,drifting_gratings,drifting_gratings,VISl,2,1575.7748229367066,1576.2748229367066,0.5,5,16.0,6.4,2.0,9.068627239003709,24.0,0.6,24.819347291981718,0.7029189307735104,0.0,0.9298312592533852,0.0,1.667673486401263,-0.1284835897221272,1.9136951326578544,6.4,0.6,23.15167380558045,0.8314025204956377,1,0.31196729713632404,0.3559947009136968,-0.35754129705213555,0.36943528620526117,0.1699639968007866,0.31196729713632404,0.31196729713632404,1.3419317349015256,1.3419317349015256,-0.04970849834310043,-0.04970849834310043,0.4228097629241392,0.4228097629241392,0.5067500741547222,mid,high,low,high,mid_high_low_high
715093703,715093703,0,0,drifting_gratings,drifting_gratings,VISl,3,1576.2748229367066,1576.7748229367066,0.5,5,12.0,4.8,2.0,6.764613810115105,18.0,0.6,18.547236990991408,0.7214636866925115,-1.6000000000000003,-2.3040134288886014,0.0,-6.272110300990306,0.018544755919001,6.8708215968878,6.4,0.6,24.819347291981718,0.7029189307735104,1,0.11974665807586793,-0.46901666563514816,-0.06787871846662373,0.2755137487598151,-0.03540874431652222,0.11974665807586793,0.11974665807586793,0.5826352761812736,0.5826352761812736,0.8193165974527296,0.8193165974527296,0.30631933915913184,0.30631933915913184,0.45700446771725073,mid,mid,high,high,mid_mid_high_high
715093703,715093703,0,0,drifting_gratings,drifting_gratings,VISl,4,1576.7748229367066,1577.2748229367066,0.5,5,0.0,0.0,0.0,0.0,0.0,0.0,0.0,0.0,-4.8,-6.764613810115105,-0.6,-18.547236990991408,-0.7214636866925115,20.33913739201385,4.8,0.6,18.547236990991408,0.7214636866925115,1,-0.9600476438719052,-2.7105397938885303,-4.354492016398981,0.14518693515143785,-1.969973129751995,-0.9600476438719052,-0.9600476438719052,-1.2897361138759813,-1.2897361138759813,-1.8145193341565942,-1.8145193341565942,0.36178872575879817,0.36178872575879817,-0.9256285915364207,low,low,low,high,low_low_low_high
715093703,715093703,1,1,drifting_gratings,drifting_gratings,VISl,0,1577.7773474972146,1578.2773474972146,0.5,5,20.0,8.0,2.0,9.033271832508971,24.0,0.8,26.981475126464083,0.9672604429127742,0.0,0.0,0.0,0.0,0.0,0.0,5.6,0.4,20.5910311987482,0.6810506853459987,0,0.558771933835132,0.67448975,0.4029721493434275,0.0,0.4090584582946399,0.558771933835132,0.558771933835132,1.5760511205231449,1.5760511205231449,0.46278772909956567,0.46278772909956567,-0.037233918813582983,-0.037233918813582983,0.6400942161610649,mid,high,mid,mid,mid_high_mid_mid
715093703,715093703,1,1,drifting_gratings,drifting_gratings,VISl,1,1578.2773474972146,1578.7773474972146,0.5,5,15.0,6.0,2.0,10.039920318408909,26.0,0.6,26.15339366124404,0.4850940913022115,-2.0,1.0066484858999356,-0.2,-0.8280814652200412,-0.4821663516105627,2.443674380483424,8.0,0.8,26.981475126464083,0.9672604429127742,1,0.33556288640729515,0.2677905958447283,-2.6669382555271697,0.7756995841282339,-0.3219712972867281,0.33556288640729515,0.33556288640729515,1.2456609519686077,1.2456609519686077,-2.3033936594644318,-2.3033936594644318,0.7174801531797254,0.7174801531797254,-0.0011724169772008575,mid,mid,low,high,mid_mid_low_high
715093703,715093703,1,1,drifting_gratings,drifting_gratings,VISl,2,1578.7773474972146,1579.2773474972146,0.5,5,16.0,6.4,0.0,8.2365041127896,20.0,0.4,23.323807579381203,0.6615632381579821,0.4000000000000003,-1.8034162056193068,-0.1999999999999999,-2.829586081862839,0.1764691468557706,3.3896915442491573,6.0,0.6,26.15339366124404,0.4850940913022115,1,0.07996714828142973,0.11034556822865935,-0.6732593348466334,0.08049806186728473,-0.1006121391173149,0.07996714828142973,0.07996714828142973,1.1755970216916216,1.1755970216916216,-0.16825929239912452,-0.16825929239912452,0.24345152257917255,0.24345152257917255,0.33268910003827484,mid,mid,low,mid,mid_mid_low_mid
715093703,715093703,1,1,drifting_gratings,drifting_gratings,VISl,3,1579.2773474972146,1579.7773474972146,0.5,5,15.0,6.0,2.0,7.042726744663604,18.0,0.6,20.688160865577203,0.8532361505557784,-0.4000000000000003,-1.1937773681259962,0.1999999999999999,-2.6356467138040003,0.1916729123977962,2.9340205367349954,6.4,0.4,23.323807579381203,0.6615632381579821,1,0.18366148168595653,0.18618260069467418,-0.6239458681723259,0.05090531990205224,-0.050799116472410734,0.18366148168595653,0.18366148168595653,1.2159838361408153,1.2159838361408153,-0.18434092038346928,-0.18434092038346928,0.1547031884774469,0.1547031884774469,0.34250189648018736,mid,mid,low,mid,mid_mid_low_mid
715093703,715093703,1,1,drifting_gratings,drifting_gratings,VISl,4,1579.7773474972146,1580.2773474972146,0.5,5,1.0,0.4,0.0,0.8000000000000002,2.0,0.2,2.0,-0.0,-5.6,-6.242726744663604,-0.3999999999999999,-18.688160865577203,-0.8532361505557784,20.50529213824677,6.0,0.6,20.688160865577203,0.8532361505557784,1,-0.7329574781859527,-2.738192821350579,-5.203077860912629,0.3409054758830796,-2.0833306711415203,-0.7329574781859527,-0.7329574781859527,-1.3950249736803557,-1.3950249736803557,-2.676638979545303,-2.676638979545303,0.35574123391338064,0.35574123391338064,-1.1122200493745578,low,low,low,high,low_low_low_high
715093703,715093703,2,2,drifting_gratings,drifting_gratings,VISl,0,1580.7798329367065,1581.2798329367065,0.5,5,18.0,7.2,2.0,7.332121111929345,18.0,0.8,22.978250586152114,1.035016633484322,0.0,0.0,0.0,0.0,0.0,0.0,5.6,0.4,20.5910311987482,0.6810506853459987,0,0.41771478530365813,0.67448975,0.4870852852830046,0.0,0.39482245514666564,0.41771478530365813,0.41771478530365813,1.6242746492743658,1.6242746492743658,0.5668049730559719,0.5668049730559719,0.06998498982718712,0.06998498982718712,0.6696948493652957,mid,high,high,mid,mid_high_high_mid
715093703,715093703,2,2,drifting_gratings,drifting_gratings,VISl,1,1581.2798329367065,1581.7798329367065,0.5,5,0.0,0.0,0.0,0.0,0.0,0.0,0.0,0.0,-7.2,-7.332121111929345,-0.8,-22.978250586152114,-1.035016633484322,25.205381556953053,7.2,0.8,22.978250586152114,1.035016633484322,1,-0.9600476438719052,-3.5204256778671814,-6.418856018512839,0.7519183320362229,-2.536852752053926,-0.9600476438719052,-0.9600476438719052,-2.0996219978546327,-2.0996219978546327,-3.3367690014533284,-3.3367690014533284,0.7298540983220361,0.7298540983220361,-1.4166461362144576,low,low,low,high,low_low_low_high
715093703,715093703,2,2,drifting_gratings,drifting_gratings,VISl,2,1581.7798329367065,1582.2798329367065,0.5,5,2.0,0.8,0.0,0.9797958971132712,2.0,0.4,2.8284271247461903,0.6931471805599453,0.8,0.9797958971132712,0.4,2.8284271247461903,0.6931471805599453,3.200070782641878,0.0,0.0,0.0,0.0,1,-0.5418634771819169,0.14190402952443262,-3.0845204790159984,-1.4441320463493266,-1.2321529932557023,-0.5418634771819169,-0.5418634771819169,1.4197421356853288,1.4197421356853288,-2.512900299250532,-2.512900299250532,-0.8927682387287345,-0.8927682387287345,-0.6319474698689637,low,high,low,low,low_high_low_low
715093703,715093703,2,2,drifting_gratings,drifting_gratings,VISl,3,1582.2798329367065,1582.7798329367065,0.5,5,4.0,1.6,0.0,2.3323807579381204,6.0,0.4,6.324555320336759,0.5623351446188083,0.8,1.352584860824849,0.0,3.4961281955905688,-0.130812035941137,3.8352978964459865,0.8,0.4,2.8284271247461903,0.6931471805599453,1,-0.43004910646341277,0.03618358986850857,-0.3915013402436797,-0.41661442379151886,-0.30049532015752567,-0.43004910646341277,-0.43004910646341277,1.275795462355467,1.275795462355467,0.23510730715753952,0.23510730715753952,0.11759934882731243,0.11759934882731243,0.29961325296922653,mid,mid,mid,mid,mid_mid_mid_mid
715093703,715093703,2,2,drifting_gratings,drifting_gratings,VISl,4,1582.7798329367065,1583.2798329367065,0.5,5,0.0,0.0,0.0,0.0,0.0,0.0,0.0,0.0,-1.6,-2.3323807579381204,-0.4,-6.324555320336759,-0.5623351446188083,6.962486683281589,1.6,0.4,6.324555320336759,0.5623351446188083,1,-0.9600476438719052,-0.4842724269590234,-2.8890631009966836,-0.45572515055443136,-1.1972770805955109,-0.9600476438719052,-0.9600476438719052,0.9365312530535256,0.9365312530535256,-1.8392898118083827,-1.8392898118083827,0.27937607048331975,0.27937607048331975,-0.3958575330358607,low,mid,low,mid,low_mid_low_mid
715093703,715093703,0,0,natural_scenes,natural_scenes,VISl,0,5892.415052936706,5892.915052936706,0.5,5,10.0,4.0,4.0,2.8284271247461903,8.0,0.8,10.954451150103322,1.2798542258336674,0.0,0.0,0.0,0.0,0.0,0.0,5.6,0.4,20.5910311987482,0.6810506853459987,0,0.06265171140802477,0.67448975,0.7396798229031933,0.0,0.3692053210778045,0.06265171140802477,0.06265171140802477,1.7456608713181385,1.7456608713181385,0.8695012875033674,0.8695012875033674,0.34120750030429,0.34120750030429,0.7547553426334551,mid,high,high,high,mid_high_high_high
715093703,715093703,1,1,natural_scenes,natural_scenes,VISl,0,5892.665249076834,5893.165249076834,0.5,5,7.0,2.8,0.0,5.6,14.0,0.2,14.0,-0.0,0.0,0.0,0.0,0.0,0.0,0.0,5.6,0.4,20.5910311987482,0.6810506853459987,0,-0.38215110907023664,0.67448975,0.06826364815473257,0.0,0.09015057227112398,-0.38215110907023664,-0.38215110907023664,1.8977266249879814,1.8977266249879814,0.2608497686207106,0.2608497686207106,0.6486957453680045,0.6486957453680045,0.6062802574766148,mid,high,mid,high,mid_high_mid_high
715093703,715093703,2,2,natural_scenes,natural_scenes,VISl,0,5892.9154452169605,5893.4154452169605,0.5,5,10.0,4.0,2.0,4.560701700396552,12.0,0.6,13.564659966250536,0.8979457248567797,0.0,0.0,0.0,0.0,0.0,0.0,5.6,0.4,20.5910311987482,0.6810506853459987,0,-0.03126410943912898,0.67448975,0.5110450565079019,0.0,0.2885676742671932,-0.03126410943912898,-0.03126410943912898,1.7777680869677353,1.7777680869677353,0.6541186721836652,0.6541186721836652,0.40329162941737323,0.40329162941737323,0.7009785697824111,mid,high,high,high,mid_high_high_high
715093703,715093703,0,0,spontaneous,spontaneous,VISl,0,13.470682936706591,13.970682936706591,0.5,5,0.0,0.0,0.0,0.0,0.0,0.0,0.0,0.0,0.0,0.0,0.0,0.0,0.0,0.0,5.6,0.4,20.5910311987482,0.6810506853459987,0,-0.9600476438719052,0.67448975,0.24323591177814974,0.0,-0.010580495523438871,-0.9600476438719052,-0.9600476438719052,2.095293430012549,2.095293430012549,0.5173671022458588,0.5173671022458588,1.082416837748742,1.082416837748742,0.6837574315338111,low,high,high,high,low_high_high_high
715093703,715093703,0,0,spontaneous,spontaneous,VISl,1,13.970682936706591,14.470682936706591,0.5,5,0.0,0.0,0.0,0.0,0.0,0.0,0.0,0.0,0.0,0.0,0.0,0.0,0.0,0.0,0.0,0.0,0.0,0.0,1,-0.9600476438719052,0.67448975,0.24323591177814974,-1.4441320463493266,-0.3716135071107705,-0.9600476438719052,-0.9600476438719052,2.095293430012549,2.095293430012549,0.5173671022458588,0.5173671022458588,-0.3617152086005846,-0.3617152086005846,0.3227244199464795,low,high,high,low,low_high_high_low
715093703,715093703,0,0,spontaneous,spontaneous,VISl,2,14.470682936706591,14.970682936706591,0.5,5,0.0,0.0,0.0,0.0,0.0,0.0,0.0,0.0,0.0,0.0,0.0,0.0,0.0,0.0,0.0,0.0,0.0,0.0,1,-0.9600476438719052,0.67448975,0.24323591177814974,-1.4441320463493266,-0.3716135071107705,-0.9600476438719052,-0.9600476438719052,2.095293430012549,2.095293430012549,0.5173671022458588,0.5173671022458588,-0.3617152086005846,-0.3617152086005846,0.3227244199464795,low,high,high,low,low_high_high_low
715093703,715093703,0,0,spontaneous,spontaneous,VISl,3,14.970682936706591,15.470682936706591,0.5,5,6.0,2.4,0.0,4.8,12.0,0.2,12.0,-0.0,2.4,4.8,0.2,12.0,-0.0,13.146862743635836,0.0,0.0,0.0,0.0,1,-0.4406188372561893,-1.5135341538125882,-0.4126076266847792,-1.4441320463493266,-0.9527231660257207,-0.4406188372561893,-0.4406188372561893,-0.27030878337756636,-0.27030878337756636,1.2528289996131858,1.2528289996131858,-1.2303727950152243,-1.2303727950152243,-0.17211785400894852,low,low,high,low,low_low_high_low
715093703,715093703,0,0,spontaneous,spontaneous,VISl,4,15.470682936706591,15.970682936706591,0.5,5,2.0,0.8,0.0,1.6000000000000003,4.0,0.2,4.0,-0.0,-1.6,-3.1999999999999997,0.0,-8.0,0.0,8.763560920082657,2.4,0.2,12.0,-0.0,1,-0.67448975,-0.7840240528417398,-0.14400103854282664,-1.0222640136847376,-0.656194713767326,-0.67448975,-0.67448975,0.5391552993814431,0.5391552993814431,1.066123243626615,1.066123243626615,-0.47230629450469575,-0.47230629450469575,0.1146206246258406,low,mid,high,low,low_mid_high_low
715093703,715093703,0,0,spontaneous,spontaneous,VISl,5,15.970682936706591,16.47068293670659,0.5,5,2.0,0.8,0.0,1.6000000000000003,4.0,0.2,4.0,-0.0,0.0,0.0,0.0,0.0,0.0,0.0,0.8,0.2,4.0,-0.0,1,-0.67448975,0.67448975,0.19324383645717336,-1.19109441046113,-0.24946264350098918,-0.67448975,-0.67448975,1.997669102223183,1.997669102223183,0.42708089632705315,0.42708089632705315,-0.3218017949306574,-0.3218017949306574,0.3571146134048947,low,high,mid,mid,low_high_mid_mid
715093703,715093703,0,0,spontaneous,spontaneous,VISl,6,16.47068293670659,16.97068293670659,0.5,5,4.0,1.6,0.0,3.2000000000000006,8.0,0.2,8.0,-0.0,0.8,1.6000000000000003,0.0,4.0,0.0,4.3817804600413295,0.8,0.2,4.0,-0.0,1,-0.5575542936280947,-0.05476715142087004,-0.02537067636380297,-1.19109441046113,-0.45719663296847446,-0.5575542936280947,-0.5575542936280947,1.2284352099082323,1.2284352099082323,0.6801096188942972,0.6801096188942972,-0.5697079911708601,-0.5697079911708601,0.1953206360008937,low,mid,high,low,low_mid_high_low
715093703,715093703,0,0,spontaneous,spontaneous,VISl,7,16.97068293670659,17.47068293670659,0.5,5,5.0,2.0,0.0,4.0,10.0,0.2,10.0,-0.0,0.3999999999999999,0.7999999999999994,0.0,2.0,0.0,2.1908902300206643,1.6,0.2,8.0,-0.0,1,-0.49908656544214197,0.3098612992895651,0.033944504725708924,-1.1066792120729336,-0.31548999337495043,-0.49908656544214197,-0.49908656544214197,1.573075165171627,1.573075165171627,0.48710280652813814,0.48710280652813814,-0.44957844272754954,-0.44957844272754954,0.27787824088251845,low,high,mid,low,low_high_mid_low
715093703,715093703,0,0,spontaneous,spontaneous,VISl,8,17.47068293670659,17.97068293670659,0.5,5,4.0,1.6,0.0,3.2000000000000006,8.0,0.2,8.0,-0.0,-0.3999999999999999,-0.7999999999999994,0.0,-2.0,0.0,2.1908902300206643,2.0,0.2,10.0,-0.0,1,-0.5575542936280947,0.3098612992895651,0.05894054238619706,-1.0644716128788356,-0.3133060162077921,-0.5575542936280947,-0.5575542936280947,1.5930636606186674,1.5930636606186674,0.5203490320694066,0.5203490320694066,-0.36325146950095777,-0.36325146950095777,0.29815173238975545,low,high,high,low,low_high_high_low
715093703,715093703,0,0,spontaneous,spontaneous,VISl,9,17.97068293670659,18.47068293670659,0.5,5,3.0,1.2,0.0,2.4,6.0,0.2,6.0,-0.0,-0.4000000000000001,-0.8000000000000007,0.0,-2.0,0.0,2.1908902300206647,1.6,0.2,8.0,-0.0,1,-0.6160220218140473,0.30986129928956496,0.08393658004668521,-1.1066792120729336,-0.3322258386376827,-0.6160220218140473,-0.6160220218140473,1.6130521560657076,1.6130521560657076,0.5535952576106752,0.5535952576106752,-0.3613396946625623,-0.3613396946625623,0.29732142429994335,low,high,high,low,low_high_high_low
715093703,715093703,1,1,spontaneous,spontaneous,VISl,0,985.5325513570876,986.0325513570876,0.5,5,1.0,0.4,0.0,0.8000000000000002,2.0,0.2,2.0,-0.0,0.0,0.0,0.0,0.0,0.0,0.0,5.6,0.4,20.5910311987482,0.6810506853459987,0,-0.7329574781859527,0.67448975,0.21823987411766158,0.0,0.03994303648292722,-0.7329574781859527,-0.7329574781859527,2.0176575976702233,2.0176575976702233,0.4603271218683217,0.4603271218683217,0.9134119895629664,0.9134119895629664,0.6646098077288898,low,high,mid,high,low_high_mid_high
715093703,715093703,1,1,spontaneous,spontaneous,VISl,1,986.0325513570876,986.5325513570876,0.5,5,2.0,0.8,0.0,1.6000000000000003,4.0,0.2,4.0,-0.0,0.4,0.8000000000000002,0.0,2.0,0.0,2.1908902300206647,0.4,0.2,2.0,-0.0,1,-0.67448975,0.30986129928956496,0.10893261770717336,-1.2333020096552283,-0.3722494606646225,-0.67448975,-0.67448975,1.633040651512748,1.633040651512748,0.5868414831519436,0.5868414831519436,-0.4438431182123632,-0.4438431182123632,0.27538731661308213,low,high,high,low,low_high_high_low
715093703,715093703,1,1,spontaneous,spontaneous,VISl,2,986.5325513570876,987.0325513570876,0.5,5,2.0,0.8,0.0,1.6,4.0,0.2,4.0,-0.0,0.0,-2.220446049250313e-16,0.0,0.0,0.0,2.220446049250313e-16,0.8,0.2,4.0,-0.0,1,-0.67448975,0.67448975,0.1932438364571734,-1.19109441046113,-0.24946264350098918,-0.67448975,-0.67448975,1.997669102223183,1.997669102223183,0.4270808963270532,0.4270808963270532,-0.3218017949306574,-0.3218017949306574,0.3571146134048947,low,high,mid,mid,low_high_mid_mid
715093703,715093703,1,1,spontaneous,spontaneous,VISl,3,987.0325513570876,987.5325513570876,0.5,5,5.0,2.0,0.0,3.0983866769659336,8.0,0.4,8.246211251235321,0.5004024235381879,1.2,1.4983866769659335,0.2,4.246211251235321,0.5004024235381879,4.691042017431664,0.8,0.2,4.0,-0.0,1,-0.3723776258245414,-0.1062373533462628,-2.3650735985669127,-1.19109441046113,-1.0086957470497118,-0.3723776258245414,-0.3723776258245414,1.1136582386567362,1.1136582386567362,-1.6512702969412052,-1.6512702969412052,-0.7941976794204296,-0.7941976794204296,-0.42604684088236,mid,mid,low,low,mid_mid_low_low
715093703,715093703,1,1,spontaneous,spontaneous,VISl,4,987.5325513570876,988.0325513570876,0.5,5,4.0,1.6,0.0,3.2000000000000006,8.0,0.2,8.0,-0.0,-0.3999999999999999,0.101613323034067,-0.2,-0.2462112512353211,-0.5004024235381879,0.7220442044194939,2.0,0.4,8.246211251235321,0.5004024235381879,1,-0.5575542936280947,0.5543203978369546,-2.428280606509049,-0.46997034723840525,-0.7253712123846486,-0.5575542936280947,-0.5575542936280947,1.837522759166057,1.837522759166057,-2.1305060116999783,-2.1305060116999783,0.20164111155677744,0.20164111155677744,-0.16222410865130968,low,high,low,mid,low_high_low_mid
715093703,715093703,1,1,spontaneous,spontaneous,VISl,5,988.0325513570876,988.5325513570876,0.5,5,5.0,2.0,0.0,4.0,10.0,0.2,10.0,-0.0,0.3999999999999999,0.7999999999999994,0.0,2.0,0.0,2.1908902300206643,1.6,0.2,8.0,-0.0,1,-0.49908656544214197,0.3098612992895651,0.033944504725708924,-1.1066792120729336,-0.31548999337495043,-0.49908656544214197,-0.49908656544214197,1.573075165171627,1.573075165171627,0.48710280652813814,0.48710280652813814,-0.44957844272754954,-0.44957844272754954,0.27787824088251845,low,high,mid,low,low_high_mid_low
715093703,715093703,1,1,spontaneous,spontaneous,VISl,6,988.5325513570876,989.0325513570876,0.5,5,1.0,0.4,0.0,0.8000000000000002,2.0,0.2,2.0,-0.0,-1.6,-3.2,0.0,-8.0,0.0,8.763560920082657,2.0,0.2,10.0,-0.0,1,-0.7329574781859527,-0.7840240528417398,-0.1190050008823384,-1.0644716128788356,-0.6751145361972166,-0.7329574781859527,-0.7329574781859527,0.5591437948284833,0.5591437948284833,1.099369469167884,1.099369469167884,-0.4703945196663001,-0.4703945196663001,0.11379031653602861,low,mid,high,low,low_mid_high_low
715093703,715093703,1,1,spontaneous,spontaneous,VISl,7,989.0325513570876,989.5325513570876,0.5,5,0.0,0.0,0.0,0.0,0.0,0.0,0.0,0.0,-0.4,-0.8000000000000002,-0.2,-2.0,0.0,2.2,0.4,0.2,2.0,-0.0,1,-0.9600476438719052,0.30834516613584595,0.15892469302814974,-1.2333020096552283,-0.43151994859078446,-0.9600476438719052,-0.9600476438719052,1.7291488461483948,1.7291488461483948,0.6781425450305604,0.6781425450305604,-0.2310393895125149,-0.2310393895125149,0.30405108944863374,low,high,high,mid,low_high_high_mid
715093703,715093703,1,1,spontaneous,spontaneous,VISl,8,989.5325513570876,990.0325513570876,0.5,5,2.0,0.8,0.0,1.6000000000000003,4.0,0.2,4.0,-0.0,0.8,1.6000000000000003,0.2,4.0,-0.0,4.386342439892262,0.0,0.0,0.0,0.0,1,-0.67448975,-0.05552639879092295,0.024621398957173357,-1.4441320463493266,-0.537381699045769,-0.67448975,-0.67448975,1.26765295343226,1.26765295343226,0.7471102883457676,0.7471102883457676,-0.7346673753596972,-0.7346673753596972,0.15140152910458263,low,mid,high,low,low_mid_high_low
715093703,715093703,1,1,spontaneous,spontaneous,VISl,9,990.0325513570876,990.5325513570876,0.5,5,4.0,1.6,0.0,3.2000000000000006,8.0,0.2,8.0,-0.0,0.8,1.6000000000000003,0.0,4.0,0.0,4.3817804600413295,0.8,0.2,4.0,-0.0,1,-0.5575542936280947,-0.05476715142087004,-0.02537067636380297,-1.19109441046113,-0.45719663296847446,-0.5575542936280947,-0.5575542936280947,1.2284352099082323,1.2284352099082323,0.6801096188942972,0.6801096188942972,-0.5697079911708601,-0.5697079911708601,0.1953206360008937,low,mid,high,low,low_mid_high_low
715093703,715093703,2,2,spontaneous,spontaneous,VISl,0,1573.0234065768334,1573.5234065768334,0.5,5,9.0,3.6,4.0,3.666060555964672,10.0,0.6,11.489125293076055,0.9950269901795212,0.0,0.0,0.0,0.0,0.0,0.0,5.6,0.4,20.5910311987482,0.6810506853459987,0,-0.09049953196269511,0.67448975,0.5833586004621354,0.0,0.29183720462486007,-0.09049953196269511,-0.09049953196269511,1.7980190358270802,1.7980190358270802,0.7347907308293287,0.7347907308293287,0.4495259527603837,0.4495259527603837,0.7229590468635244,mid,high,high,high,mid_high_high_high
715093703,715093703,2,2,spontaneous,spontaneous,VISl,1,1573.5234065768334,1574.0234065768334,0.5,5,5.0,2.0,0.0,4.0,10.0,0.2,10.0,-0.0,-1.6,0.3339394440353276,-0.3999999999999999,-1.4891252930760572,-0.9950269901795212,2.457455676496973,3.6,0.6,11.489125293076055,0.9950269901795212,1,-0.49908656544214197,0.2654969836201876,-5.164712947578651,0.25012749992264455,-1.2870437573694902,-0.49908656544214197,-0.49908656544214197,1.5287108495022497,1.5287108495022497,-4.681858447886501,-4.681858447886501,0.7279534170918602,0.7279534170918602,-0.7310701866836333,low,high,low,high,low_high_low_high
715093703,715093703,2,2,spontaneous,spontaneous,VISl,2,1574.0234065768334,1574.5234065768334,0.5,5,4.0,1.6,0.0,3.2000000000000006,8.0,0.2,8.0,-0.0,-0.3999999999999999,-0.7999999999999994,0.0,-2.0,0.0,2.1908902300206643,2.0,0.2,10.0,-0.0,1,-0.5575542936280947,0.3098612992895651,0.05894054238619706,-1.0644716128788356,-0.3133060162077921,-0.5575542936280947,-0.5575542936280947,1.5930636606186674,1.5930636606186674,0.5203490320694066,0.5203490320694066,-0.36325146950095777,-0.36325146950095777,0.29815173238975545,low,high,high,low,low_high_high_low
715093703,715093703,2,2,spontaneous,spontaneous,VISl,3,1574.5234065768334,1575.0234065768334,0.5,5,2.0,0.8,0.0,1.6000000000000003,4.0,0.2,4.0,-0.0,-0.8,-1.6000000000000003,0.0,-4.0,0.0,4.3817804600413295,1.6,0.2,8.0,-0.0,1,-0.67448975,-0.05476715142087004,0.024621398957173357,-1.1066792120729336,-0.4528286786341576,-0.67448975,-0.67448975,1.2684122008023129,1.2684122008023129,0.7466020699768343,0.7466020699768343,-0.39705404471767647,-0.39705404471767647,0.23586761901536768,low,mid,high,low,low_mid_high_low
715093703,715093703,0,0,drifting_gratings,drifting_gratings,VISp,0,1574.7748229367066,1575.2748229367066,0.5,5,107.0,42.8,52.0,29.70791140420343,84.0,1.0,116.4989270336856,1.3201538736130112,0.0,0.0,0.0,0.0,0.0,0.0,5.6,0.4,20.5910311987482,0.6810506853459987,0,3.5823825135468814,0.67448975,-0.08175635545590904,0.0,1.0437789770227432,3.5823825135468814,3.5823825135468814,0.5423624826822147,0.5423624826822147,-0.4485924711718468,-0.4485924711718468,-2.2924275621573553,-2.2924275621573553,0.3459312407249735,high,mid,low,low,high_mid_low_low
715093703,715093703,0,0,drifting_gratings,drifting_gratings,VISp,1,1575.2748229367066,1575.7748229367066,0.5,5,79.0,31.6,28.0,25.873538606073968,74.0,0.8,91.323600454647,1.2136977743442214,-11.199999999999996,-3.834372798129461,-0.1999999999999999,-25.1753265790386,-0.1064560992687897,27.820690430277853,42.8,1.0,116.4989270336856,1.3201538736130112,1,2.6439944629562606,-3.955689850185245,-2.9004433611623472,3.861774640713511,-0.08759102691945508,2.6439944629562606,2.6439944629562606,-3.76700825663653,-3.76700825663653,-0.03555748639766865,-0.03555748639766865,1.1934526942250794,1.1934526942250794,0.008720353536785352,high,low,low,high,high_low_low_high
715093703,715093703,0,0,drifting_gratings,drifting_gratings,VISp,2,1575.7748229367066,1576.2748229367066,0.5,5,74.0,29.6,24.0,26.11972434770321,76.0,0.8,88.27230596285564,1.1848164131425758,-2.0,0.2461857416292439,0.0,-3.051294491791353,-0.0288813612016456,3.656752606896268,31.6,0.8,91.323600454647,1.2136977743442214,1,2.5668122955171766,0.06589876747900249,-0.5965937768802534,2.806640490351335,1.2106894441168152,2.5668122955171766,2.5668122955171766,0.2809668044609599,0.2809668044609599,-0.4127528227766968,-0.4127528227766968,1.1208918564842365,1.1208918564842365,0.888979533421419,high,mid,low,high,high_mid_low_high
715093703,715093703,0,0,drifting_gratings,drifting_gratings,VISp,3,1576.2748229367066,1576.7748229367066,0.5,5,70.0,28.0,24.0,24.232209969377536,72.0,0.8,82.80096617793781,1.204671161452269,-1.6000000000000014,-1.887514378325676,0.0,-5.471339784917831,0.0198547483096931,6.0048866585008325,29.6,0.8,88.27230596285564,1.1848164131425758,1,2.4068191827166556,-0.32489967124008995,-0.39936837357969635,2.6577983069830338,1.0850873612199758,2.4068191827166556,2.4068191827166556,-0.05513442425879883,-0.05513442425879883,0.06863792330180118,0.06863792330180118,1.0143791810034886,1.0143791810034886,0.8586754656907866,high,low,mid,high,high_low_mid_high
715093703,715093703,0,0,drifting_gratings,drifting_gratings,VISp,4,1576.7748229367066,1577.2748229367066,0.5,5,0.0,0.0,0.0,0.0,0.0,0.0,0.0,0.0,-28.0,-24.232209969377536,-0.8,-82.80096617793781,-1.204671161452269,90.71544098226737,28.0,0.8,82.80096617793781,1.204671161452269,1,-0.9600476438719052,-14.423222699320686,-11.646297359739526,2.538792481636052,-6.122693805324016,-0.9600476438719052,-0.9600476438719052,-13.002419019308137,-13.002419019308137,-1.2661913601844699,-1.2661913601844699,0.041162008300925645,0.041162008300925645,-3.7968740037658963,low,low,low,mid,low_low_low_mid
715093703,715093703,1,1,drifting_gratings,drifting_gratings,VISp,0,1577.7773474972146,1578.2773474972146,0.5,5,94.0,37.6,46.0,31.25123997539938,74.0,0.8,109.3252029497316,1.127283300752976,0.0,0.0,0.0,0.0,0.0,0.0,5.6,0.4,20.5910311987482,0.6810506853459987,0,3.0377312455038377,0.67448975,-0.2181082590114094,0.0,0.8735281841231071,3.0377312455038377,3.0377312455038377,0.7285636526144292,0.7285636526144292,-0.508090434437942,-0.508090434437942,-1.8935029929933027,-1.8935029929933027,0.34117536767175566,high,mid,low,low,high_mid_low_low
715093703,715093703,1,1,drifting_gratings,drifting_gratings,VISp,1,1578.2773474972146,1578.7773474972146,0.5,5,80.0,32.0,38.0,25.984610830258745,70.0,0.8,92.1737489744233,1.1846050523155487,-5.600000000000001,-5.266629145140634,0.0,-17.151453975308286,0.0573217515625725,18.79555909790303,37.6,0.8,109.3252029497316,1.127283300752976,1,2.618508951907768,-2.4536430519980996,-1.4926310034503487,3.2103195876926653,0.47063862103799625,2.618508951907768,2.618508951907768,-2.2562486687213807,-2.2562486687213807,0.3704240892890587,0.3704240892890587,0.9243971464117084,0.9243971464117084,0.4142703797217886,high,low,mid,high,high_low_mid_high
715093703,715093703,1,1,drifting_gratings,drifting_gratings,VISp,2,1578.7773474972146,1579.2773474972146,0.5,5,61.0,24.4,28.0,21.59259132202525,58.0,0.8,72.85602240034794,1.1147589701868024,-7.600000000000001,-4.392019508233499,0.0,-19.317726574075365,-0.0698460821287463,21.21860678335479,32.0,0.8,92.1737489744233,1.1846050523155487,1,2.010654785564919,-2.8569093185766166,-1.8711252570763333,2.8082242284779384,0.02271110959747691,2.010654785564919,2.010654785564919,-2.4517064465252703,-2.4517064465252703,0.347636977113464,0.347636977113464,0.8748764228810955,0.8748764228810955,0.19536543475855206,high,low,mid,high,high_low_mid_high
715093703,715093703,1,1,drifting_gratings,drifting_gratings,VISp,3,1579.2773474972146,1579.7773474972146,0.5,5,59.0,23.6,24.0,20.48999755978512,56.0,0.8,69.88562083862459,1.1509013881016978,-0.7999999999999972,-1.1025937622401294,0.0,-2.970401561723349,0.0361424179148954,3.2680735482531738,24.4,0.8,72.85602240034794,1.1147589701868024,1,1.9282725410325792,0.1305863730169965,-0.2193468778240147,2.1804879927752756,1.0050000072502092,1.9282725410325792,1.9282725410325792,0.5639534507052443,0.5639534507052443,0.011296286535412176,0.011296286535412176,0.9936588969478171,0.9936588969478171,0.874295293805263,high,mid,mid,high,high_mid_mid_high
715093703,715093703,1,1,drifting_gratings,drifting_gratings,VISp,4,1579.7773474972146,1580.2773474972146,0.5,5,0.0,0.0,0.0,0.0,0.0,0.0,0.0,0.0,-23.6,-20.48999755978512,-0.8,-69.88562083862459,-1.1509013881016978,76.56869186557344,23.6,0.8,69.88562083862459,1.1509013881016978,1,-0.9600476438719052,-12.068788350065011,-10.451614421644676,2.141485640721063,-5.334741193715132,-0.9600476438719052,-0.9600476438719052,-10.647984670052463,-10.647984670052463,-1.6474991096257572,-1.6474991096257572,0.1805994396622972,0.1805994396622972,-3.268732995971957,low,low,low,mid,low_low_low_mid
715093703,715093703,2,2,drifting_gratings,drifting_gratings,VISp,0,1580.7798329367065,1581.2798329367065,0.5,5,117.0,46.8,36.0,39.77134646953759,102.0,1.0,137.33171520082314,1.1931216917110592,0.0,0.0,0.0,0.0,0.0,0.0,5.6,0.4,20.5910311987482,0.6810506853459987,0,4.15143489279671,0.67448975,-0.4542351077601708,0.0,1.0929223837591349,4.15143489279671,4.15143489279671,0.34781924926656327,0.34781924926656327,-0.9013683239190182,-0.9013683239190182,-2.7260531661743523,-2.7260531661743523,0.21795816299247572,high,mid,low,low,high_mid_low_low
715093703,715093703,2,2,drifting_gratings,drifting_gratings,VISp,1,1581.2798329367065,1581.7798329367065,0.5,5,99.0,39.6,28.0,36.84345260694225,88.0,0.8,120.94626906192684,1.0828335363245576,-7.199999999999996,-2.92789386259534,-0.1999999999999999,-16.385446138896313,-0.1102881553865016,18.13691184073281,46.8,1.0,137.33171520082314,1.1931216917110592,1,3.3947233815066196,-2.344024812957256,-2.478930939780064,4.180648579929719,0.6881040521747547,3.3947233815066196,3.3947233815066196,-2.41199662524432,-2.41199662524432,-0.7987801985235732,-0.7987801985235732,1.3107836222204674,1.3107836222204674,0.3736825449897984,high,low,low,high,high_low_low_high
715093703,715093703,2,2,drifting_gratings,drifting_gratings,VISp,2,1581.7798329367065,1582.2798329367065,0.5,5,90.0,36.0,30.0,31.086974764360715,74.0,0.8,106.35788640246663,1.144723728080229,-3.6000000000000014,-5.756477842581536,0.0,-14.58838265946018,0.0618901917556713,16.091046459655946,39.6,0.8,120.94626906192684,1.0828335363245576,1,2.951365535480993,-2.0035327545043162,-1.2714291013712355,3.4020966314181855,0.7696250777559066,2.951365535480993,2.951365535480993,-1.9199328098298707,-1.9199328098298707,0.2433668019102655,0.2433668019102655,0.9720306418625633,0.9720306418625633,0.5617075423559877,high,low,mid,high,high_low_mid_high
715093703,715093703,2,2,drifting_gratings,drifting_gratings,VISp,3,1582.2798329367065,1582.7798329367065,0.5,5,92.0,36.8,30.0,29.518807563992144,72.0,0.8,105.48933595392477,1.2085801665224,0.7999999999999972,-1.5681672003685705,0.0,-0.868550448541896,0.0638564384421709,1.964078892179396,36.0,0.8,106.35788640246663,1.144723728080229,1,2.94655286953645,0.34760936424845745,-0.6128475831488172,3.120884448006394,1.450549774660621,2.94655286953645,2.94655286953645,0.4328546259944792,0.4328546259944792,-0.6711595435377544,-0.6711595435377544,1.212910886434879,1.212910886434879,0.9802897096070136,high,mid,low,high,high_mid_low_high
715093703,715093703,2,2,drifting_gratings,drifting_gratings,VISp,4,1582.7798329367065,1583.2798329367065,0.5,5,1.0,0.4,0.0,0.8,2.0,0.2,2.0,-0.0,-36.4,-28.718807563992144,-0.6000000000000001,-103.48933595392477,-1.2085801665224,113.40896450501972,36.8,0.8,105.48933595392477,1.2085801665224,1,-0.7329574781859527,-18.20009121143412,-13.461258473551046,3.200784706840011,-7.298380614082777,-0.7329574781859527,-0.7329574781859527,-16.856923363763897,-16.856923363763897,-0.585069180962769,-0.585069180962769,-0.3227358391948889,-0.3227358391948889,-4.6244214655268765,low,low,low,mid,low_low_low_mid
715093703,715093703,0,0,natural_scenes,natural_scenes,VISp,0,5892.415052936706,5892.915052936706,0.5,5,28.0,11.2,10.0,7.95989949685296,22.0,0.8,30.72458299147443,1.2788153807115297,0.0,0.0,0.0,0.0,0.0,0.0,5.6,0.4,20.5910311987482,0.6810506853459987,0,0.6851409346816367,0.67448975,0.5788720358321424,0.0,0.4846256801284448,0.6851409346816367,0.6851409346816367,1.5328490622862685,1.5328490622862685,0.6208561035450155,0.6208561035450155,-0.12507700717478437,-0.12507700717478437,0.6784422733345341,high,high,high,mid,high_high_high_mid
715093703,715093703,1,1,natural_scenes,natural_scenes,VISp,0,5892.665249076834,5893.165249076834,0.5,5,36.0,14.4,10.0,13.169662106523464,38.0,0.8,43.634848458542855,1.1651192654460218,0.0,0.0,0.0,0.0,0.0,0.0,5.6,0.4,20.5910311987482,0.6810506853459987,0,1.1214803378647207,0.67448975,0.3641403074790056,0.0,0.5400275988359315,1.1214803378647207,1.1214803378647207,1.3836767163700674,1.3836767163700674,0.34455396416788897,0.34455396416788897,-0.45525715888212237,-0.45525715888212237,0.5986134648801387,high,high,mid,low,high_high_mid_low
715093703,715093703,2,2,natural_scenes,natural_scenes,VISp,0,5892.9154452169605,5893.4154452169605,0.5,5,32.0,12.8,8.0,9.682974749528164,28.0,1.0,35.888716889852724,1.3153087823297898,0.0,0.0,0.0,0.0,0.0,0.0,5.6,0.4,20.5910311987482,0.6810506853459987,0,1.0347231270051311,0.67448975,0.5417098107110072,0.0,0.5627306719290346,1.0347231270051311,1.0347231270051311,1.413336601713132,1.413336601713132,0.5343654906802832,0.5343654906802832,-0.38519973764048415,-0.38519973764048415,0.6493063704395156,high,high,high,low,high_high_high_low
715093703,715093703,0,0,spontaneous,spontaneous,VISp,0,13.470682936706591,13.970682936706591,0.5,5,0.0,0.0,0.0,0.0,0.0,0.0,0.0,0.0,0.0,0.0,0.0,0.0,0.0,0.0,5.6,0.4,20.5910311987482,0.6810506853459987,0,-0.9600476438719052,0.67448975,0.24323591177814974,0.0,-0.010580495523438871,-0.9600476438719052,-0.9600476438719052,2.095293430012549,2.095293430012549,0.5173671022458588,0.5173671022458588,1.082416837748742,1.082416837748742,0.6837574315338111,low,high,high,high,low_high_high_high
715093703,715093703,0,0,spontaneous,spontaneous,VISp,1,13.970682936706591,14.470682936706591,0.5,5,0.0,0.0,0.0,0.0,0.0,0.0,0.0,0.0,0.0,0.0,0.0,0.0,0.0,0.0,0.0,0.0,0.0,0.0,1,-0.9600476438719052,0.67448975,0.24323591177814974,-1.4441320463493266,-0.3716135071107705,-0.9600476438719052,-0.9600476438719052,2.095293430012549,2.095293430012549,0.5173671022458588,0.5173671022458588,-0.3617152086005846,-0.3617152086005846,0.3227244199464795,low,high,high,low,low_high_high_low
715093703,715093703,0,0,spontaneous,spontaneous,VISp,2,14.470682936706591,14.970682936706591,0.5,5,0.0,0.0,0.0,0.0,0.0,0.0,0.0,0.0,0.0,0.0,0.0,0.0,0.0,0.0,0.0,0.0,0.0,0.0,1,-0.9600476438719052,0.67448975,0.24323591177814974,-1.4441320463493266,-0.3716135071107705,-0.9600476438719052,-0.9600476438719052,2.095293430012549,2.095293430012549,0.5173671022458588,0.5173671022458588,-0.3617152086005846,-0.3617152086005846,0.3227244199464795,low,high,high,low,low_high_high_low
715093703,715093703,0,0,spontaneous,spontaneous,VISp,3,14.970682936706591,15.470682936706591,0.5,5,0.0,0.0,0.0,0.0,0.0,0.0,0.0,0.0,0.0,0.0,0.0,0.0,0.0,0.0,0.0,0.0,0.0,0.0,1,-0.9600476438719052,0.67448975,0.24323591177814974,-1.4441320463493266,-0.3716135071107705,-0.9600476438719052,-0.9600476438719052,2.095293430012549,2.095293430012549,0.5173671022458588,0.5173671022458588,-0.3617152086005846,-0.3617152086005846,0.3227244199464795,low,high,high,low,low_high_high_low
715093703,715093703,0,0,spontaneous,spontaneous,VISp,4,15.470682936706591,15.970682936706591,0.5,5,0.0,0.0,0.0,0.0,0.0,0.0,0.0,0.0,0.0,0.0,0.0,0.0,0.0,0.0,0.0,0.0,0.0,0.0,1,-0.9600476438719052,0.67448975,0.24323591177814974,-1.4441320463493266,-0.3716135071107705,-0.9600476438719052,-0.9600476438719052,2.095293430012549,2.095293430012549,0.5173671022458588,0.5173671022458588,-0.3617152086005846,-0.3617152086005846,0.3227244199464795,low,high,high,low,low_high_high_low
715093703,715093703,0,0,spontaneous,spontaneous,VISp,5,15.970682936706591,16.47068293670659,0.5,5,0.0,0.0,0.0,0.0,0.0,0.0,0.0,0.0,0.0,0.0,0.0,0.0,0.0,0.0,0.0,0.0,0.0,0.0,1,-0.9600476438719052,0.67448975,0.24323591177814974,-1.4441320463493266,-0.3716135071107705,-0.9600476438719052,-0.9600476438719052,2.095293430012549,2.095293430012549,0.5173671022458588,0.5173671022458588,-0.3617152086005846,-0.3617152086005846,0.3227244199464795,low,high,high,low,low_high_high_low
715093703,715093703,0,0,spontaneous,spontaneous,VISp,6,16.47068293670659,16.97068293670659,0.5,5,0.0,0.0,0.0,0.0,0.0,0.0,0.0,0.0,0.0,0.0,0.0,0.0,0.0,0.0,0.0,0.0,0.0,0.0,1,-0.9600476438719052,0.67448975,0.24323591177814974,-1.4441320463493266,-0.3716135071107705,-0.9600476438719052,-0.9600476438719052,2.095293430012549,2.095293430012549,0.5173671022458588,0.5173671022458588,-0.3617152086005846,-0.3617152086005846,0.3227244199464795,low,high,high,low,low_high_high_low
715093703,715093703,0,0,spontaneous,spontaneous,VISp,7,16.97068293670659,17.47068293670659,0.5,5,0.0,0.0,0.0,0.0,0.0,0.0,0.0,0.0,0.0,0.0,0.0,0.0,0.0,0.0,0.0,0.0,0.0,0.0,1,-0.9600476438719052,0.67448975,0.24323591177814974,-1.4441320463493266,-0.3716135071107705,-0.9600476438719052,-0.9600476438719052,2.095293430012549,2.095293430012549,0.5173671022458588,0.5173671022458588,-0.3617152086005846,-0.3617152086005846,0.3227244199464795,low,high,high,low,low_high_high_low
715093703,715093703,0,0,spontaneous,spontaneous,VISp,8,17.47068293670659,17.97068293670659,0.5,5,0.0,0.0,0.0,0.0,0.0,0.0,0.0,0.0,0.0,0.0,0.0,0.0,0.0,0.0,0.0,0.0,0.0,0.0,1,-0.9600476438719052,0.67448975,0.24323591177814974,-1.4441320463493266,-0.3716135071107705,-0.9600476438719052,-0.9600476438719052,2.095293430012549,2.095293430012549,0.5173671022458588,0.5173671022458588,-0.3617152086005846,-0.3617152086005846,0.3227244199464795,low,high,high,low,low_high_high_low
715093703,715093703,0,0,spontaneous,spontaneous,VISp,9,17.97068293670659,18.47068293670659,0.5,5,0.0,0.0,0.0,0.0,0.0,0.0,0.0,0.0,0.0,0.0,0.0,0.0,0.0,0.0,0.0,0.0,0.0,0.0,1,-0.9600476438719052,0.67448975,0.24323591177814974,-1.4441320463493266,-0.3716135071107705,-0.9600476438719052,-0.9600476438719052,2.095293430012549,2.095293430012549,0.5173671022458588,0.5173671022458588,-0.3617152086005846,-0.3617152086005846,0.3227244199464795,low,high,high,low,low_high_high_low
715093703,715093703,1,1,spontaneous,spontaneous,VISp,0,985.5325513570876,986.0325513570876,0.5,5,36.0,14.4,10.0,16.267759526130202,44.0,0.6,48.57983120596448,0.9217093625650148,0.0,0.0,0.0,0.0,0.0,0.0,5.6,0.4,20.5910311987482,0.6810506853459987,0,1.075382840010148,0.67448975,0.15611607105928252,0.0,0.47649716526735764,1.075382840010148,1.075382840010148,1.3994361729895475,1.3994361729895475,0.14303439331212534,0.14303439331212534,-0.42791475777304044,-0.42791475777304044,0.5474846621346952,high,high,mid,low,high_high_mid_low
715093703,715093703,1,1,spontaneous,spontaneous,VISp,1,986.0325513570876,986.5325513570876,0.5,5,35.0,14.0,12.0,14.75127113166862,40.0,0.6,45.47526800360829,0.9713416762758672,-0.4000000000000003,-1.5164883944615823,0.0,-3.104563202356182,0.0496323137108525,3.478579177555836,14.4,0.6,48.57983120596448,0.9217093625650148,1,0.98159999790065,0.09555205663423051,-0.10482787191107817,1.1097916374521049,0.5205289550189768,0.98159999790065,0.98159999790065,0.8525602335293553,0.8525602335293553,0.2828480906414171,0.2828480906414171,0.6204257039493208,0.6204257039493208,0.6843585065051858,high,mid,mid,high,high_mid_mid_high
715093703,715093703,1,1,spontaneous,spontaneous,VISp,2,986.5325513570876,987.0325513570876,0.5,5,36.0,14.4,18.0,12.986146464598342,34.0,0.6,43.3589667773576,1.0566995224860514,0.4000000000000003,-1.7651246670702785,0.0,-2.116301226250691,0.085357846210184,2.78597952835978,14.0,0.6,45.47526800360829,0.9713416762758672,1,0.9018761460609593,0.21082097042484368,-0.18824462557350613,1.0980313726161837,0.5056209658821201,0.9018761460609593,0.9018761460609593,0.9950845221901868,0.9950845221901868,0.1335232081226399,0.1335232081226399,0.689351091815811,0.689351091815811,0.6799587420473994,high,mid,mid,high,high_mid_mid_high
715093703,715093703,1,1,spontaneous,spontaneous,VISp,3,987.0325513570876,987.5325513570876,0.5,5,36.0,14.4,16.0,14.051334456200236,38.0,0.6,44.98888751680797,1.0181052125220258,0.0,1.0651879916018956,0.0,1.6299207394503696,-0.0385943099640255,1.947500088602031,14.4,0.6,43.3589667773576,1.0566995224860514,1,0.9666196348669193,0.35036856385609366,0.0775848479014871,1.1645112823453099,0.6397710822424525,0.9666196348669193,0.9666196348669193,1.1124981115926236,1.1124981115926236,0.2968077933981089,0.2968077933981089,0.7460668908817154,0.7460668908817154,0.7804981076848417,high,mid,mid,high,high_mid_mid_high
715093703,715093703,1,1,spontaneous,spontaneous,VISp,4,987.5325513570876,988.0325513570876,0.5,5,44.0,17.6,14.0,21.29413064672986,58.0,0.6,61.773780845922005,0.8771786692265877,3.200000000000001,7.242796190529624,0.0,16.784893329114034,-0.140926543295438,18.55938040501063,14.4,0.6,44.98888751680797,1.0181052125220258,1,1.490516538953908,-2.414335984167796,-1.396237982870152,1.1506060271936704,-0.2923628502225925,1.490516538953908,1.490516538953908,-1.8313122646713522,-1.8313122646713522,0.599673369567455,0.599673369567455,-0.2884412205500928,-0.2884412205500928,-0.007390894175020535,high,low,high,mid,high_low_high_mid
715093703,715093703,1,1,spontaneous,spontaneous,VISp,5,988.0325513570876,988.5325513570876,0.5,5,43.0,17.2,12.0,21.37662274541982,58.0,0.6,61.35144660071187,0.8533473664281028,-0.4000000000000021,0.0824920986899577,0.0,-0.4223342452101377,-0.0238313027984848,0.5879958265298872,17.6,0.6,61.773780845922005,0.8771786692265877,1,1.4721722879947325,0.5766299830824342,-0.23751134347531616,1.3720155876561262,0.7958266288144942,1.4721722879947325,1.4721722879947325,1.165925093449593,1.165925093449593,-0.24107815327687215,-0.24107815327687215,0.6166793169908333,0.6166793169908333,0.7534246362895718,high,mid,low,high,high_mid_low_high
715093703,715093703,1,1,spontaneous,spontaneous,VISp,6,988.5325513570876,989.0325513570876,0.5,5,36.0,14.4,14.0,15.357083056361974,42.0,0.6,47.07440918375928,0.9670779782056164,-2.799999999999999,-6.019539689057845,0.0,-14.277037416952588,0.1137306117775136,15.745526035203213,17.2,0.6,61.35144660071187,0.8533473664281028,1,1.035993609747082,-1.9460280126734928,-0.950168929608032,1.3284606085280577,-0.13293568100159625,1.035993609747082,1.035993609747082,-1.207615503790003,-1.207615503790003,0.7964067540477682,0.7964067540477682,0.3396159841956734,0.3396159841956734,0.2411002110501302,high,low,high,high,high_low_high_high
715093703,715093703,1,1,spontaneous,spontaneous,VISp,7,989.0325513570876,989.5325513570876,0.5,5,40.0,16.0,16.0,16.198765385053267,44.0,0.6,50.91168824543142,0.997271523182384,1.5999999999999996,0.8416823286912933,0.0,3.8372790616721417,0.0301935449767675,4.241939578746601,14.4,0.6,47.07440918375928,0.9670779782056164,1,1.1552900767859808,-0.031493523562299654,-0.2945208667049471,1.1313409295941754,0.4901541540282274,1.1552900767859808,1.1552900767859808,0.6661348303310887,0.6661348303310887,0.15368692300990633,0.15368692300990633,0.48028097180161944,0.48028097180161944,0.6138482004821488,high,mid,mid,high,high_mid_mid_high
715093703,715093703,1,1,spontaneous,spontaneous,VISp,8,989.5325513570876,990.0325513570876,0.5,5,39.0,15.6,12.0,16.98940846527624,46.0,0.6,51.57518783291051,0.9483622945481278,-0.4000000000000003,0.7906430802229742,0.0,0.6634995874790874,-0.0489092286342561,1.1080344288581423,16.0,0.6,50.91168824543142,0.997271523182384,1,1.172070584375314,0.490080293244809,-0.1816647544224098,1.2744564422999505,0.6887356413744159,1.172070584375314,1.172070584375314,1.1819718567761426,1.1819718567761426,-0.08495132974105091,-0.08495132974105091,0.7249115566700293,0.7249115566700293,0.7485006670201088,high,mid,low,high,high_mid_low_high
715093703,715093703,1,1,spontaneous,spontaneous,VISp,9,990.0325513570876,990.5325513570876,0.5,5,37.0,14.8,18.0,13.6,36.0,0.6,44.94441010848846,1.0480107837767272,-0.7999999999999989,-3.389408465276242,0.0,-6.630777724422046,0.0996484892285993,7.490342635459569,15.6,0.6,51.57518783291051,0.9483622945481278,1,0.9561305402383624,-0.5721231533001249,-0.36673678062241666,1.2222049206666012,0.30986888174560556,0.9561305402383624,0.9561305402383624,0.19359232511528612,0.19359232511528612,0.47145568963204587,0.47145568963204587,0.6020037710083577,0.6020037710083577,0.5557955814985129,high,low,mid,high,high_low_mid_high
715093703,715093703,2,2,spontaneous,spontaneous,VISp,0,1573.0234065768334,1573.5234065768334,0.5,5,54.0,21.6,14.0,21.813757127097567,54.0,0.6,68.64400920692205,0.9792875299608688,0.0,0.0,0.0,0.0,0.0,0.0,5.6,0.4,20.5910311987482,0.6810506853459987,0,1.652682753136049,0.67448975,0.00914095741847587,0.0,0.5840783651386313,1.652682753136049,1.652682753136049,1.2020733363766096,1.2020733363766096,-0.08540160301765809,-0.08540160301765809,-0.8602790073791166,-0.8602790073791166,0.477268869778971,high,mid,low,low,high_mid_low_low
715093703,715093703,2,2,spontaneous,spontaneous,VISp,1,1573.5234065768334,1574.0234065768334,0.5,5,54.0,21.6,16.0,21.703455946000854,56.0,0.6,68.46897107449476,0.9896516343332492,0.0,-0.1103011810967089,0.0,-0.1750381324272893,0.0103641043723803,0.2071523908005984,21.6,0.6,68.64400920692205,0.9792875299608688,1,1.6749926780803992,0.6400135109426592,-0.0341910678256236,1.7191394056236473,0.9999886317052705,1.6749926780803992,1.6749926780803992,1.1599699524479021,1.1599699524479021,-0.10880430444693819,-0.10880430444693819,0.8336331600253517,0.8336331600253517,0.8899478715266789,high,mid,low,high,high_mid_low_high
715093703,715093703,2,2,spontaneous,spontaneous,VISp,2,1574.0234065768334,1574.5234065768334,0.5,5,65.0,26.0,22.0,24.75479751482528,62.0,0.6,80.2745289615579,1.0213592959542208,4.399999999999999,3.051341568824423,0.0,11.805557887063143,0.0317076616209717,12.963135722896686,21.6,0.6,68.46897107449476,0.9896516343332492,1,2.021815430765694,-1.4829565840157077,-1.1485521552379179,1.7262021278841864,0.27912720484906367,2.021815430765694,2.021815430765694,-1.0815692271674187,-1.0815692271674187,0.14895076373862737,0.14895076373862737,0.09864100817519272,0.09864100817519272,0.29695949387802384,high,low,mid,mid,high_low_mid_mid
715093703,715093703,2,2,spontaneous,spontaneous,VISp,3,1574.5234065768334,1575.0234065768334,0.5,5,29.0,11.6,10.0,11.056219968868204,28.0,0.6,35.832945734337834,1.0217839987201092,-14.4,-13.698577545957075,0.0,-44.44158322722007,0.0004247027658883,48.68331692381796,26.0,0.6,80.2745289615579,1.0213592959542208,1,0.6547558141990075,-7.427843348271844,-2.672635731509075,2.0896886486572326,-1.8390086542311697,0.6547558141990075,0.6547558141990075,-6.5590962056171165,-6.5590962056171165,2.7971047970802703,2.7971047970802703,0.16811116571142692,0.16811116571142692,-0.7347811071566029,high,low,high,mid,high_low_high_mid
