target,session_id,region,stimulus_family,n_supervised_rows,n_trials,status,observed_baseline_r2,observed_memory_r2,observed_memory_gain_r2,shuffle_gain_mean,shuffle_gain_sd,observed_minus_shuffle_mean,empirical_p_shuffle_ge_observed,fraction_shuffle_positive,n_valid_shuffles,session_id_synthesis,lag_label,lags,n_lags
active_unit_fraction,715093703,CA1,spontaneous,2086,15,ok,0.1743556651030043,0.2597362754083855,0.0853806103053811,-0.001996760292901,0.0020961792127673,0.0873773705982821,0.0196078431372549,0.1,50,715093703,lag1,1,1
active_unit_fraction,715093703,LGd,spontaneous,2086,15,ok,0.38750088452359,0.4031560831857693,0.0156551986621793,-0.0013872550271529,0.0012152701922984,0.0170424536893322,0.0196078431372549,0.14,50,715093703,lag1,1,1
active_unit_fraction,715093703,VISl,spontaneous,2086,15,ok,0.401263167174483,0.4695151387089247,0.0682519715344416,-0.0016890374343464,0.0010869780682746,0.0699410089687881,0.0196078431372549,0.1,50,715093703,lag1,1,1
active_unit_fraction,715093703,VISp,spontaneous,2086,15,ok,0.5840284098884971,0.6253439811392166,0.0413155712507194,-0.0012869779318482,0.0008649988949651,0.0426025491825677,0.0196078431372549,0.06,50,715093703,lag1,1,1
population_rate_entropy,715093703,CA1,spontaneous,2086,15,ok,0.178209209875779,0.2507624151722878,0.0725532052965087,-0.0018460370691834,0.002190938126907,0.0743992423656921,0.0196078431372549,0.12,50,715093703,lag1,1,1
population_rate_entropy,715093703,LGd,spontaneous,2086,15,ok,0.3185141568839388,0.3400595409879487,0.0215453841040099,-0.0021130924384527,0.001803038459415,0.0236584765424626,0.0196078431372549,0.08,50,715093703,lag1,1,1
population_rate_entropy,715093703,VISl,spontaneous,2086,15,ok,0.3694324655886187,0.4488001078611281,0.0793676422725093,-0.0018300978614484,0.0012128471651729,0.0811977401339577,0.0196078431372549,0.08,50,715093703,lag1,1,1
population_rate_entropy,715093703,VISp,spontaneous,2086,15,ok,0.6248693755480426,0.6434696545073704,0.0186002789593278,-0.0006207756315381,0.0025095313475875,0.0192210545908659,0.0196078431372549,0.38,50,715093703,lag1,1,1
population_mean_rate_hz,715093703,CA1,spontaneous,2086,15,ok,0.1098831424421409,0.1483154163725334,0.0384322739303925,-0.0020237397591705,0.0013825966020536,0.040456013689563,0.0196078431372549,0.08,50,715093703,lag1,1,1
population_mean_rate_hz,715093703,LGd,spontaneous,2086,15,ok,0.4948338170317263,0.50734325416389,0.0125094371321636,-0.0013619867362556,0.0011405226524892,0.0138714238684192,0.0196078431372549,0.18,50,715093703,lag1,1,1
population_mean_rate_hz,715093703,VISl,spontaneous,2086,15,ok,0.4161537407719975,0.474036219264569,0.0578824784925715,-0.0015848013220614,0.0012047157601297,0.059467279814633,0.0196078431372549,0.08,50,715093703,lag1,1,1
population_mean_rate_hz,715093703,VISp,spontaneous,2086,15,ok,0.5112532395018272,0.5304060632478168,0.0191528237459895,-0.0011962132523235,0.0009418154657224,0.0203490369983131,0.0196078431372549,0.1,50,715093703,lag1,1,1
population_state_speed,715093703,CA1,spontaneous,2086,15,ok,0.1250379153915977,0.1439567368211446,0.0189188214295469,-0.0019070660666553,0.0018424191534846,0.0208258874962023,0.0196078431372549,0.14,50,715093703,lag1,1,1
population_state_speed,715093703,LGd,spontaneous,2086,15,ok,0.0333548075683212,0.0330750066011392,-0.0002798009671819,-0.0030192069287668,0.0016720643044678,0.0027394059615848,0.0784313725490196,0.06,50,715093703,lag1,1,1
population_state_speed,715093703,VISl,spontaneous,2086,15,ok,0.0611631813550542,0.0560456745264396,-0.0051175068286146,-0.0025370639888161,0.0016070104122187,-0.0025804428397985,1.0,0.08,50,715093703,lag1,1,1
population_state_speed,715093703,VISp,spontaneous,2086,15,ok,0.036396488753735,0.0348216277419274,-0.0015748610118075,-0.0024336182024315,0.0024877933027458,0.0008587571906239,0.2941176470588235,0.14,50,715093703,lag1,1,1
active_unit_fraction,715093703,CA1,spontaneous,2071,15,ok,0.1724975248948805,0.247848036822612,0.0753505119277314,-0.0020397583471731,0.001486937863328,0.0773902702749045,0.0196078431372549,0.1,50,715093703,lag2,2,1
active_unit_fraction,715093703,LGd,spontaneous,2071,15,ok,0.3811227566636568,0.4004211574493971,0.0192984007857403,-0.0014252570192363,0.0012944269590839,0.0207236578049766,0.0196078431372549,0.14,50,715093703,lag2,2,1
active_unit_fraction,715093703,VISl,spontaneous,2071,15,ok,0.3991349040580205,0.4680809768425639,0.0689460727845433,-0.001444106777604,0.0013195901523388,0.0703901795621473,0.0196078431372549,0.12,50,715093703,lag2,2,1
active_unit_fraction,715093703,VISp,spontaneous,2071,15,ok,0.5817885820715915,0.6304196480171842,0.0486310659455927,-0.0011543155128292,0.0011238057274428,0.0497853814584219,0.0196078431372549,0.16,50,715093703,lag2,2,1
population_rate_entropy,715093703,CA1,spontaneous,2071,15,ok,0.1766947097874124,0.236114228674846,0.0594195188874335,-0.0020701888717625,0.0016205823097057,0.0614897077591961,0.0196078431372549,0.1,50,715093703,lag2,2,1
population_rate_entropy,715093703,LGd,spontaneous,2071,15,ok,0.3030343310231586,0.3279723233161014,0.0249379922929428,-0.0018774063414157,0.0013167085343,0.0268153986343585,0.0196078431372549,0.1,50,715093703,lag2,2,1
population_rate_entropy,715093703,VISl,spontaneous,2071,15,ok,0.3671942603306887,0.4424968948319981,0.0753026345013094,-0.0018194250937048,0.0010400344977943,0.0771220595950143,0.0196078431372549,0.02,50,715093703,lag2,2,1
population_rate_entropy,715093703,VISp,spontaneous,2071,15,ok,0.6221265846703372,0.6587791296553835,0.0366525449850463,-0.0006943950688081,0.0020827148846201,0.0373469400538544,0.0196078431372549,0.28,50,715093703,lag2,2,1
population_mean_rate_hz,715093703,CA1,spontaneous,2071,15,ok,0.1075307031008051,0.1353728255909461,0.0278421224901409,-0.0022064239096225,0.0016634927379498,0.0300485463997635,0.0196078431372549,0.1,50,715093703,lag2,2,1
population_mean_rate_hz,715093703,LGd,spontaneous,2071,15,ok,0.4943281235827373,0.5085821656218561,0.0142540420391187,-0.0016806616248427,0.0012392253911231,0.0159347036639614,0.0196078431372549,0.08,50,715093703,lag2,2,1
population_mean_rate_hz,715093703,VISl,spontaneous,2071,15,ok,0.4149056871020068,0.4702510809830951,0.0553453938810882,-0.0013379505969913,0.0010259304365127,0.0566833444780796,0.0196078431372549,0.06,50,715093703,lag2,2,1
population_mean_rate_hz,715093703,VISp,spontaneous,2071,15,ok,0.5111251225302448,0.5357124292823221,0.0245873067520773,-0.0011123332541926,0.0011061866876593,0.0256996400062699,0.0196078431372549,0.18,50,715093703,lag2,2,1
population_state_speed,715093703,CA1,spontaneous,2071,15,ok,0.1251049296160619,0.1326794371099442,0.0075745074938823,-0.0023195456491811,0.0017913277755575,0.0098940531430634,0.0196078431372549,0.12,50,715093703,lag2,2,1
population_state_speed,715093703,LGd,spontaneous,2071,15,ok,0.0329353536712772,0.0282654737472985,-0.0046698799239786,-0.0025459937693182,0.0016854633536403,-0.0021238861546603,0.9215686274509804,0.1,50,715093703,lag2,2,1
population_state_speed,715093703,VISl,spontaneous,2071,15,ok,0.0589139409930837,0.0492601903677721,-0.0096537506253115,-0.0025139437083072,0.0020133591217535,-0.0071398069170043,1.0,0.12,50,715093703,lag2,2,1
population_state_speed,715093703,VISp,spontaneous,2071,15,ok,0.0334619836765823,-0.0767962660586083,-0.1102582497351907,-0.0022838143387207,0.002807599804053,-0.1079744353964699,1.0,0.22,50,715093703,lag2,2,1
active_unit_fraction,715093703,CA1,spontaneous,2071,15,ok,0.1724975248948805,0.2899102089311746,0.117412684036294,-0.0040304736202749,0.0020829667898437,0.1214431576565689,0.0196078431372549,0.04,50,715093703,lag12,"1,2",2
active_unit_fraction,715093703,LGd,spontaneous,2071,15,ok,0.3811227566636568,0.4044731621611858,0.0233504054975289,-0.0033334923911968,0.0013349212226866,0.0266838978887257,0.0196078431372549,0.0,50,715093703,lag12,"1,2",2
active_unit_fraction,715093703,VISl,spontaneous,2071,15,ok,0.3991349040580205,0.4914259193886191,0.0922910153305985,-0.0029416241850532,0.0018400788596648,0.0952326395156518,0.0196078431372549,0.1,50,715093703,lag12,"1,2",2
active_unit_fraction,715093703,VISp,spontaneous,2071,15,ok,0.5817885820715915,0.6422894704211684,0.0605008883495769,-0.0018686645491687,0.0015933010373171,0.0623695528987456,0.0196078431372549,0.08,50,715093703,lag12,"1,2",2
population_rate_entropy,715093703,CA1,spontaneous,2071,15,ok,0.1766947097874124,0.2734419660816017,0.0967472562941893,-0.0038396415080583,0.0025233461125993,0.1005868978022476,0.0196078431372549,0.1,50,715093703,lag12,"1,2",2
population_rate_entropy,715093703,LGd,spontaneous,2071,15,ok,0.3030343310231586,0.3336331688494458,0.0305988378262872,-0.0036206685122607,0.0018866565648538,0.034219506338548,0.0196078431372549,0.02,50,715093703,lag12,"1,2",2
population_rate_entropy,715093703,VISl,spontaneous,2071,15,ok,0.3671942603306887,0.4716938390751737,0.104499578744485,-0.0032337310514276,0.0017057468320417,0.1077333097959127,0.0196078431372549,0.04,50,715093703,lag12,"1,2",2
population_rate_entropy,715093703,VISp,spontaneous,2071,15,ok,0.6221265846703372,0.653888115494978,0.0317615308246408,-0.0006938058473638,0.0026714879814195,0.0324553366720046,0.0196078431372549,0.36,50,715093703,lag12,"1,2",2
population_mean_rate_hz,715093703,CA1,spontaneous,2071,15,ok,0.1075307031008051,0.1548576497901231,0.047326946689318,-0.0037732412991221,0.0033305175952805,0.0511001879884401,0.0196078431372549,0.16,50,715093703,lag12,"1,2",2
population_mean_rate_hz,715093703,LGd,spontaneous,2071,15,ok,0.4943281235827373,0.5099113229395623,0.0155831993568249,-0.0023912654380775,0.0013798686635696,0.0179744647949025,0.0196078431372549,0.04,50,715093703,lag12,"1,2",2
population_mean_rate_hz,715093703,VISl,spontaneous,2071,15,ok,0.4149056871020068,0.4911359140106753,0.0762302269086685,-0.0030451012086524,0.001635462448812,0.0792753281173209,0.0196078431372549,0.04,50,715093703,lag12,"1,2",2
population_mean_rate_hz,715093703,VISp,spontaneous,2071,15,ok,0.5111251225302448,0.5356016118437119,0.0244764893134671,-0.0025512350450249,0.001477522191373,0.027027724358492,0.0196078431372549,0.04,50,715093703,lag12,"1,2",2
population_state_speed,715093703,CA1,spontaneous,2071,15,ok,0.1251049296160619,0.1471346755550523,0.0220297459389904,-0.0047814562646913,0.0022445227628504,0.0268112022036817,0.0196078431372549,0.02,50,715093703,lag12,"1,2",2
population_state_speed,715093703,LGd,spontaneous,2071,15,ok,0.0329353536712772,0.0268223755864762,-0.0061129780848009,-0.0048954145879017,0.002959648639517,-0.0012175634968991,0.6274509803921569,0.04,50,715093703,lag12,"1,2",2
population_state_speed,715093703,VISl,spontaneous,2071,15,ok,0.0589139409930837,0.044465378680237,-0.0144485623128467,-0.005202853971153,0.0025084209389343,-0.0092457083416936,1.0,0.02,50,715093703,lag12,"1,2",2
population_state_speed,715093703,VISp,spontaneous,2071,15,ok,0.0334619836765823,-0.0543607771996328,-0.0878227608762152,-0.00454905537372,0.0040526531310961,-0.0832737055024951,1.0,0.12,50,715093703,lag12,"1,2",2
active_unit_fraction,715093703,CA1,spontaneous,2056,15,ok,0.171820980497517,0.3073123614414627,0.1354913809439456,-0.0064472995431688,0.0027775185002131,0.1419386804871145,0.0196078431372549,0.02,50,715093703,lag123,"1,2,3",3
active_unit_fraction,715093703,LGd,spontaneous,2056,15,ok,0.3786599650169214,0.4033490302685129,0.0246890652515914,-0.0054983871654842,0.0019162260406272,0.0301874524170757,0.0196078431372549,0.0,50,715093703,lag123,"1,2,3",3
active_unit_fraction,715093703,VISl,spontaneous,2056,15,ok,0.3995572238692221,0.4992827884231312,0.0997255645539091,-0.0044740502331953,0.0017938374359864,0.1041996147871045,0.0196078431372549,0.0,50,715093703,lag123,"1,2,3",3
active_unit_fraction,715093703,VISp,spontaneous,2056,15,ok,0.5794959833121835,0.6420570480709684,0.0625610647587848,-0.0033676138289732,0.0018997494173872,0.0659286785877581,0.0196078431372549,0.02,50,715093703,lag123,"1,2,3",3
population_rate_entropy,715093703,CA1,spontaneous,2056,15,ok,0.175250315146114,0.2930140680164091,0.1177637528702951,-0.0062003545893429,0.003251958009588,0.1239641074596381,0.0196078431372549,0.02,50,715093703,lag123,"1,2,3",3
population_rate_entropy,715093703,LGd,spontaneous,2056,15,ok,0.2935468681607224,0.3244716101505984,0.030924741989876,-0.0062846334941365,0.0023402564836416,0.0372093754840125,0.0196078431372549,0.02,50,715093703,lag123,"1,2,3",3
population_rate_entropy,715093703,VISl,spontaneous,2056,15,ok,0.366391628010266,0.478601333638426,0.11220970562816,-0.0050174465653989,0.0020725526558511,0.1172271521935589,0.0196078431372549,0.02,50,715093703,lag123,"1,2,3",3
population_rate_entropy,715093703,VISp,spontaneous,2056,15,ok,0.6212637370920828,0.6185356905391348,-0.002728046552948,-0.0021879213797059,0.0038858719174185,-0.000540125173242,0.6078431372549019,0.34,50,715093703,lag123,"1,2,3",3
population_mean_rate_hz,715093703,CA1,spontaneous,2056,15,ok,0.1087332903266866,0.1719112329664371,0.0631779426397505,-0.0067678621745586,0.0029362384606895,0.0699458048143091,0.0196078431372549,0.02,50,715093703,lag123,"1,2,3",3
population_mean_rate_hz,715093703,LGd,spontaneous,2056,15,ok,0.4943018697977018,0.5116400705975527,0.0173382007998508,-0.0042242418968781,0.0014870805264711,0.0215624426967289,0.0196078431372549,0.0,50,715093703,lag123,"1,2,3",3
population_mean_rate_hz,715093703,VISl,spontaneous,2056,15,ok,0.4165943352157346,0.5004559270930368,0.0838615918773021,-0.0044462345130209,0.0020228129837976,0.0883078263903231,0.0196078431372549,0.02,50,715093703,lag123,"1,2,3",3
population_mean_rate_hz,715093703,VISp,spontaneous,2056,15,ok,0.5126152991524703,0.5499377749310521,0.0373224757785818,-0.0037961590988076,0.0016971469751367,0.0411186348773895,0.0196078431372549,0.04,50,715093703,lag123,"1,2,3",3
population_state_speed,715093703,CA1,spontaneous,2056,15,ok,0.1190589182150748,0.135283243247845,0.0162243250327701,-0.0068414836013975,0.0026135892182301,0.0230658086341677,0.0196078431372549,0.0,50,715093703,lag123,"1,2,3",3
population_state_speed,715093703,LGd,spontaneous,2056,15,ok,0.0348712400230629,0.027226871827002,-0.0076443681960609,-0.007781078271352,0.0034653321192249,0.000136710075291,0.4509803921568627,0.02,50,715093703,lag123,"1,2,3",3
population_state_speed,715093703,VISl,spontaneous,2056,15,ok,0.0615215361978537,0.0508191576449468,-0.0107023785529069,-0.0076488833219613,0.0027782284332661,-0.0030534952309455,0.8823529411764706,0.0,50,715093703,lag123,"1,2,3",3
population_state_speed,715093703,VISp,spontaneous,2056,15,ok,0.0363968740403876,-0.0990921138467986,-0.1354889878871862,-0.0082340312215713,0.0049849774662245,-0.1272549566656148,1.0,0.08,50,715093703,lag123,"1,2,3",3
active_unit_fraction,715093703,CA1,spontaneous,2041,14,ok,0.170326010698163,0.3237926173742075,0.1534666066760445,-0.0082114050617441,0.0031323925471782,0.1616780117377886,0.0196078431372549,0.0,50,715093703,lag1234,"1,2,3,4",4
active_unit_fraction,715093703,LGd,spontaneous,2041,14,ok,0.3806772490428914,0.4080578836286979,0.0273806345858064,-0.0065908835677069,0.0025714738748303,0.0339715181535133,0.0196078431372549,0.0,50,715093703,lag1234,"1,2,3,4",4
active_unit_fraction,715093703,VISl,spontaneous,2041,14,ok,0.4008806897133933,0.503463311239086,0.1025826215256927,-0.0064793924524651,0.0022903878106947,0.1090620139781578,0.0196078431372549,0.0,50,715093703,lag1234,"1,2,3,4",4
active_unit_fraction,715093703,VISp,spontaneous,2041,14,ok,0.5802146379646557,0.6522012728634708,0.0719866348988151,-0.0044566845139044,0.0021692596537119,0.0764433194127196,0.0196078431372549,0.02,50,715093703,lag1234,"1,2,3,4",4
population_rate_entropy,715093703,CA1,spontaneous,2041,14,ok,0.1749935750104227,0.3113743448390218,0.136380769828599,-0.0080993025510652,0.0034756272199425,0.1444800723796642,0.0196078431372549,0.02,50,715093703,lag1234,"1,2,3,4",4
population_rate_entropy,715093703,LGd,spontaneous,2041,14,ok,0.3013381977870885,0.3314569693073483,0.0301187715202598,-0.008269850612604,0.0029037614912206,0.0383886221328639,0.0196078431372549,0.0,50,715093703,lag1234,"1,2,3,4",4
population_rate_entropy,715093703,VISl,spontaneous,2041,14,ok,0.3685467867697354,0.486326445638412,0.1177796588686765,-0.007124625801502,0.0025182591214581,0.1249042846701786,0.0196078431372549,0.02,50,715093703,lag1234,"1,2,3,4",4
population_rate_entropy,715093703,VISp,spontaneous,2041,14,ok,0.6240620340963863,0.645970360902983,0.0219083268065967,-0.0024115276079905,0.0043717317424198,0.0243198544145872,0.0196078431372549,0.24,50,715093703,lag1234,"1,2,3,4",4
population_mean_rate_hz,715093703,CA1,spontaneous,2041,14,ok,0.1071824862083389,0.176678394361842,0.0694959081535031,-0.0099750245019772,0.0030594422385805,0.0794709326554803,0.0196078431372549,0.0,50,715093703,lag1234,"1,2,3,4",4
population_mean_rate_hz,715093703,LGd,spontaneous,2041,14,ok,0.4970838210525247,0.5172134259647643,0.0201296049122395,-0.0056483976286222,0.0018507630974942,0.0257780025408618,0.0196078431372549,0.0,50,715093703,lag1234,"1,2,3,4",4
population_mean_rate_hz,715093703,VISl,spontaneous,2041,14,ok,0.4175581556988101,0.5058659448560453,0.0883077891572351,-0.0068795084957833,0.0022996974688101,0.0951872976530185,0.0196078431372549,0.0,50,715093703,lag1234,"1,2,3,4",4
population_mean_rate_hz,715093703,VISp,spontaneous,2041,14,ok,0.5148795972907145,0.552718788864491,0.0378391915737764,-0.0048620214190711,0.0019498658583179,0.0427012129928476,0.0196078431372549,0.0,50,715093703,lag1234,"1,2,3,4",4
population_state_speed,715093703,CA1,spontaneous,2041,14,ok,0.1214061907051674,0.1343614872207106,0.0129552965155431,-0.0097263666461978,0.0028927658137064,0.0226816631617409,0.0196078431372549,0.0,50,715093703,lag1234,"1,2,3,4",4
population_state_speed,715093703,LGd,spontaneous,2041,14,ok,0.0349212115539881,0.0255035475655975,-0.0094176639883906,-0.0103738896027401,0.0036174545908517,0.0009562256143495,0.392156862745098,0.0,50,715093703,lag1234,"1,2,3,4",4
population_state_speed,715093703,VISl,spontaneous,2041,14,ok,0.0609053835429016,0.0495818826296018,-0.0113235009132998,-0.0095425534884779,0.0039518081711272,-0.0017809474248218,0.7254901960784313,0.02,50,715093703,lag1234,"1,2,3,4",4
population_state_speed,715093703,VISp,spontaneous,2041,14,ok,0.0282264382367317,-0.1526906336699613,-0.1809170719066931,-0.0119762786700558,0.0068691120108274,-0.1689407932366373,1.0,0.04,50,715093703,lag1234,"1,2,3,4",4
active_unit_fraction,719161530,CA1,spontaneous,2086,15,ok,0.1931543853104028,0.2363354138667491,0.0431810285563463,-0.0020077804001005,0.0017657822218595,0.0451888089564468,0.0196078431372549,0.08,50,719161530,lag1,1,1
active_unit_fraction,719161530,LGd,spontaneous,2086,15,ok,0.5583215443449272,0.5910468949188321,0.0327253505739049,-0.0011891759335202,0.0007822176503784,0.0339145265074251,0.0196078431372549,0.06,50,719161530,lag1,1,1
active_unit_fraction,719161530,VISl,spontaneous,2086,15,ok,0.272558010689757,0.3271043811180363,0.0545463704282792,-0.0021546252860327,0.0011606000743275,0.0567009957143119,0.0196078431372549,0.04,50,719161530,lag1,1,1
active_unit_fraction,719161530,VISp,spontaneous,2086,15,ok,0.4551959368512651,0.5017625411294862,0.046566604278221,-0.0012417864067621,0.0010428657771054,0.0478083906849832,0.0196078431372549,0.08,50,719161530,lag1,1,1
population_rate_entropy,719161530,CA1,spontaneous,2086,15,ok,0.2038676524529511,0.2390519202000511,0.0351842677471,-0.0015803621133262,0.0019703879319719,0.0367646298604262,0.0196078431372549,0.18,50,719161530,lag1,1,1
population_rate_entropy,719161530,LGd,spontaneous,2086,15,ok,0.4570627117950838,0.48489553340784,0.0278328216127561,-0.0015517273381418,0.0009752402832782,0.0293845489508979,0.0196078431372549,0.06,50,719161530,lag1,1,1
population_rate_entropy,719161530,VISl,spontaneous,2086,15,ok,0.213428049817124,0.262367596348556,0.0489395465314319,-0.0019428766187136,0.0016036350856482,0.0508824231501456,0.0196078431372549,0.1,50,719161530,lag1,1,1
population_rate_entropy,719161530,VISp,spontaneous,2086,15,ok,0.3733564014323821,0.4142500821166693,0.0408936806842872,-0.0013634550466953,0.0012773202842717,0.0422571357309826,0.0196078431372549,0.12,50,719161530,lag1,1,1
population_mean_rate_hz,719161530,CA1,spontaneous,2086,15,ok,0.1518836790991149,0.1820782304025291,0.0301945513034141,-0.0022703458554672,0.0014805786291724,0.0324648971588814,0.0196078431372549,0.08,50,719161530,lag1,1,1
population_mean_rate_hz,719161530,LGd,spontaneous,2086,15,ok,0.62006534971712,0.6530377761994179,0.0329724264822979,-0.0011256468651586,0.0006556766905832,0.0340980733474565,0.0196078431372549,0.04,50,719161530,lag1,1,1
population_mean_rate_hz,719161530,VISl,spontaneous,2086,15,ok,0.313823089756687,0.3285674236094029,0.0147443338527158,-0.0015269852026939,0.0012381499548291,0.0162713190554098,0.0196078431372549,0.12,50,719161530,lag1,1,1
population_mean_rate_hz,719161530,VISp,spontaneous,2086,15,ok,0.4193743520402857,0.4479290437227449,0.0285546916824591,-0.0015853115837717,0.0013613962157572,0.0301400032662309,0.0196078431372549,0.12,50,719161530,lag1,1,1
population_state_speed,719161530,CA1,spontaneous,2086,15,ok,0.1185887748930482,0.1318279268117654,0.0132391519187172,-0.0020955607821639,0.0016342815055778,0.0153347127008811,0.0196078431372549,0.12,50,719161530,lag1,1,1
population_state_speed,719161530,LGd,spontaneous,2086,15,ok,0.0569408050567611,0.0584092476008382,0.001468442544077,-0.0026356623236806,0.0020925363062129,0.0041041048677577,0.0588235294117647,0.1,50,719161530,lag1,1,1
population_state_speed,719161530,VISl,spontaneous,2086,15,ok,0.1259631501460377,0.1256564798218813,-0.0003066703241564,-0.0025017123674159,0.0016165859209863,0.0021950420432595,0.0980392156862745,0.06,50,719161530,lag1,1,1
population_state_speed,719161530,VISp,spontaneous,2086,15,ok,0.1129681295015162,0.1151975953161583,0.0022294658146421,-0.0021799005160725,0.0011128121619121,0.0044093663307146,0.0196078431372549,0.06,50,719161530,lag1,1,1
active_unit_fraction,719161530,CA1,spontaneous,2071,15,ok,0.1932851600371906,0.2399486935066388,0.0466635334694481,-0.0019147027003591,0.00185141742445,0.0485782361698073,0.0196078431372549,0.12,50,719161530,lag2,2,1
active_unit_fraction,719161530,LGd,spontaneous,2071,15,ok,0.5551169294993901,0.5830431697512517,0.0279262402518616,-0.000958944873389,0.0008263363231288,0.0288851851252507,0.0196078431372549,0.08,50,719161530,lag2,2,1
active_unit_fraction,719161530,VISl,spontaneous,2071,15,ok,0.2732956021852533,0.3173520541731186,0.0440564519878653,-0.0018386210199627,0.0015086216341293,0.045895073007828,0.0196078431372549,0.1,50,719161530,lag2,2,1
active_unit_fraction,719161530,VISp,spontaneous,2071,15,ok,0.457827304124918,0.5026580677466528,0.0448307636217347,-0.0013313715870413,0.0011947800327718,0.046162135208776,0.0196078431372549,0.14,50,719161530,lag2,2,1
population_rate_entropy,719161530,CA1,spontaneous,2071,15,ok,0.2021259302459885,0.2645328456791302,0.0624069154331416,-0.0015821632195225,0.0016855905486033,0.0639890786526642,0.0196078431372549,0.2,50,719161530,lag2,2,1
population_rate_entropy,719161530,LGd,spontaneous,2071,15,ok,0.4542372569457974,0.4743857098236809,0.0201484528778834,-0.0014912213176554,0.000855981137061,0.0216396741955389,0.0196078431372549,0.06,50,719161530,lag2,2,1
population_rate_entropy,719161530,VISl,spontaneous,2071,15,ok,0.2184695895125572,0.2601800298230027,0.0417104403104454,-0.0019121274043111,0.0015697515996372,0.0436225677147566,0.0196078431372549,0.12,50,719161530,lag2,2,1
population_rate_entropy,719161530,VISp,spontaneous,2071,15,ok,0.3763159161109259,0.4174795672189648,0.0411636511080388,-0.0019443203124679,0.0013954450496081,0.0431079714205068,0.0196078431372549,0.1,50,719161530,lag2,2,1
population_mean_rate_hz,719161530,CA1,spontaneous,2071,15,ok,0.1531133204647743,0.1715701215796442,0.0184568011148699,-0.0022669755500379,0.0017236633725279,0.0207237766649078,0.0196078431372549,0.12,50,719161530,lag2,2,1
population_mean_rate_hz,719161530,LGd,spontaneous,2071,15,ok,0.6185121364429058,0.6514190736804264,0.0329069372375205,-0.0011253315363839,0.0007511330949366,0.0340322687739045,0.0196078431372549,0.06,50,719161530,lag2,2,1
population_mean_rate_hz,719161530,VISl,spontaneous,2071,15,ok,0.3154258055591153,0.321266043228598,0.0058402376694826,-0.0016246746280807,0.0012957548111722,0.0074649122975633,0.0196078431372549,0.1,50,719161530,lag2,2,1
population_mean_rate_hz,719161530,VISp,spontaneous,2071,15,ok,0.4219266629141578,0.4552715633480422,0.0333449004338843,-0.0016565352475568,0.0011373808973129,0.0350014356814412,0.0196078431372549,0.12,50,719161530,lag2,2,1
population_state_speed,719161530,CA1,spontaneous,2071,15,ok,0.1159472344966759,0.1279703059728069,0.0120230714761309,-0.0023744312415316,0.0018465424081064,0.0143975027176625,0.0196078431372549,0.08,50,719161530,lag2,2,1
population_state_speed,719161530,LGd,spontaneous,2071,15,ok,0.0577145837291279,0.0577001754597593,-1.4408269368604287e-05,-0.0024300490977724,0.0019191947633333,0.0024156408284038,0.1568627450980392,0.14,50,719161530,lag2,2,1
population_state_speed,719161530,VISl,spontaneous,2071,15,ok,0.1217224528160737,0.1348117929712357,0.0130893401551619,-0.0025611949343902,0.0015469365395436,0.0156505350895521,0.0196078431372549,0.08,50,719161530,lag2,2,1
population_state_speed,719161530,VISp,spontaneous,2071,15,ok,0.1135118367438214,0.120617437928828,0.0071056011850065,-0.0025937302871819,0.0018659507715321,0.0096993314721885,0.0196078431372549,0.08,50,719161530,lag2,2,1
active_unit_fraction,719161530,CA1,spontaneous,2071,15,ok,0.1932851600371906,0.2565684180147175,0.0632832579775268,-0.0039839898785837,0.0022232774336802,0.0672672478561106,0.0196078431372549,0.08,50,719161530,lag12,"1,2",2
active_unit_fraction,719161530,LGd,spontaneous,2071,15,ok,0.5551169294993901,0.5967229703178324,0.0416060408184423,-0.0023457007473798,0.00110530816976,0.0439517415658222,0.0196078431372549,0.04,50,719161530,lag12,"1,2",2
active_unit_fraction,719161530,VISl,spontaneous,2071,15,ok,0.2732956021852533,0.341974306947626,0.0686787047623727,-0.0037634411783877,0.001953329754902,0.0724421459407604,0.0196078431372549,0.04,50,719161530,lag12,"1,2",2
active_unit_fraction,719161530,VISp,spontaneous,2071,15,ok,0.457827304124918,0.5198316549583958,0.0620043508334777,-0.0029230518281372,0.001716976136574,0.064927402661615,0.0196078431372549,0.04,50,719161530,lag12,"1,2",2
population_rate_entropy,719161530,CA1,spontaneous,2071,15,ok,0.2021259302459885,0.2727071290871703,0.0705811988411817,-0.0039735550829563,0.0023719750633264,0.074554753924138,0.0196078431372549,0.02,50,719161530,lag12,"1,2",2
population_rate_entropy,719161530,LGd,spontaneous,2071,15,ok,0.4542372569457974,0.4853203744930386,0.0310831175472412,-0.0030086058551348,0.0015534163640393,0.0340917234023761,0.0196078431372549,0.06,50,719161530,lag12,"1,2",2
population_rate_entropy,719161530,VISl,spontaneous,2071,15,ok,0.2184695895125572,0.2803944194272474,0.0619248299146901,-0.0042732275120464,0.002308697459063,0.0661980574267365,0.0196078431372549,0.06,50,719161530,lag12,"1,2",2
population_rate_entropy,719161530,VISp,spontaneous,2071,15,ok,0.3763159161109259,0.4324587818290142,0.0561428657180882,-0.0028661172634276,0.0017494352500026,0.0590089829815158,0.0196078431372549,0.08,50,719161530,lag12,"1,2",2
population_mean_rate_hz,719161530,CA1,spontaneous,2071,15,ok,0.1531133204647743,0.185577318427576,0.0324639979628017,-0.0045352192239934,0.0020918427076053,0.0369992171867951,0.0196078431372549,0.0,50,719161530,lag12,"1,2",2
population_mean_rate_hz,719161530,LGd,spontaneous,2071,15,ok,0.6185121364429058,0.6629099437989295,0.0443978073560237,-0.0022654639141905,0.0009650526614013,0.0466632712702142,0.0196078431372549,0.02,50,719161530,lag12,"1,2",2
population_mean_rate_hz,719161530,VISl,spontaneous,2071,15,ok,0.3154258055591153,0.3274226625727326,0.0119968570136173,-0.0030993519471157,0.0020484997045129,0.015096208960733,0.0196078431372549,0.06,50,719161530,lag12,"1,2",2
population_mean_rate_hz,719161530,VISp,spontaneous,2071,15,ok,0.4219266629141578,0.4645483179865536,0.0426216550723957,-0.0032582552900485,0.0014103110331281,0.0458799103624443,0.0196078431372549,0.0,50,719161530,lag12,"1,2",2
population_state_speed,719161530,CA1,spontaneous,2071,15,ok,0.1159472344966759,0.1342946889684781,0.0183474544718021,-0.0045285535382168,0.0029457933949076,0.022876008010019,0.0196078431372549,0.08,50,719161530,lag12,"1,2",2
population_state_speed,719161530,LGd,spontaneous,2071,15,ok,0.0577145837291279,0.0583818222137084,0.0006672384845805,-0.0055820128633949,0.0023550605835154,0.0062492513479754,0.0392156862745098,0.02,50,719161530,lag12,"1,2",2
population_state_speed,719161530,VISl,spontaneous,2071,15,ok,0.1217224528160737,0.1331718283393672,0.0114493755232935,-0.0047999700625213,0.0019645721963732,0.0162493455858149,0.0196078431372549,0.02,50,719161530,lag12,"1,2",2
population_state_speed,719161530,VISp,spontaneous,2071,15,ok,0.1135118367438214,0.1178752311653524,0.0043633944215309,-0.0052842742905642,0.0024584830232675,0.0096476687120952,0.0196078431372549,0.04,50,719161530,lag12,"1,2",2
active_unit_fraction,719161530,CA1,spontaneous,2056,15,ok,0.1918453139481897,0.2646308390337613,0.0727855250855715,-0.0057628301758549,0.0027254639821025,0.0785483552614265,0.0196078431372549,0.0,50,719161530,lag123,"1,2,3",3
active_unit_fraction,719161530,LGd,spontaneous,2056,15,ok,0.5528781648123654,0.5961984049722431,0.0433202401598776,-0.0030729788499153,0.0019300223452725,0.046393219009793,0.0196078431372549,0.08,50,719161530,lag123,"1,2,3",3
active_unit_fraction,719161530,VISl,spontaneous,2056,15,ok,0.2726888529893767,0.3443740596335186,0.0716852066441419,-0.0050737580260116,0.0023226750142089,0.0767589646701535,0.0196078431372549,0.0,50,719161530,lag123,"1,2,3",3
active_unit_fraction,719161530,VISp,spontaneous,2056,15,ok,0.4561037105373534,0.5274989295464716,0.0713952190091181,-0.004089874737376,0.0016723423176715,0.0754850937464942,0.0196078431372549,0.0,50,719161530,lag123,"1,2,3",3
population_rate_entropy,719161530,CA1,spontaneous,2056,15,ok,0.2011251248059427,0.2825810949262674,0.0814559701203246,-0.0055359626756311,0.002910772653367,0.0869919327959558,0.0196078431372549,0.02,50,719161530,lag123,"1,2,3",3
population_rate_entropy,719161530,LGd,spontaneous,2056,15,ok,0.4513160253575425,0.485425387129026,0.0341093617714834,-0.0045769964810753,0.0017618474033733,0.0386863582525588,0.0196078431372549,0.0,50,719161530,lag123,"1,2,3",3
population_rate_entropy,719161530,VISl,spontaneous,2056,15,ok,0.2157861324703351,0.2817373699900186,0.0659512375196834,-0.006175370716222,0.0020962556391879,0.0721266082359055,0.0196078431372549,0.0,50,719161530,lag123,"1,2,3",3
population_rate_entropy,719161530,VISp,spontaneous,2056,15,ok,0.3758665925388096,0.4428416607281297,0.06697506818932,-0.0049831224771038,0.0023305610597577,0.0719581906664239,0.0196078431372549,0.04,50,719161530,lag123,"1,2,3",3
population_mean_rate_hz,719161530,CA1,spontaneous,2056,15,ok,0.1539645232009643,0.1907014289495633,0.036736905748599,-0.0066693216541383,0.0028004443616149,0.0434062274027373,0.0196078431372549,0.0,50,719161530,lag123,"1,2,3",3
population_mean_rate_hz,719161530,LGd,spontaneous,2056,15,ok,0.615513231791067,0.6622390990618376,0.0467258672707706,-0.0031611878088111,0.0009890592803873,0.0498870550795818,0.0196078431372549,0.0,50,719161530,lag123,"1,2,3",3
population_mean_rate_hz,719161530,VISl,spontaneous,2056,15,ok,0.3158021229288118,0.3304724290450666,0.0146703061162547,-0.0057926966397841,0.0022411507652568,0.0204630027560388,0.0196078431372549,0.0,50,719161530,lag123,"1,2,3",3
population_mean_rate_hz,719161530,VISp,spontaneous,2056,15,ok,0.4202523332837197,0.4714190884632641,0.0511667551795443,-0.0049031308435403,0.0019694211994916,0.0560698860230847,0.0196078431372549,0.0,50,719161530,lag123,"1,2,3",3
population_state_speed,719161530,CA1,spontaneous,2056,15,ok,0.1117295976256489,0.1361833431448464,0.0244537455191975,-0.0072607332223954,0.0027180388384989,0.031714478741593,0.0196078431372549,0.0,50,719161530,lag123,"1,2,3",3
population_state_speed,719161530,LGd,spontaneous,2056,15,ok,0.0590085977875602,0.0530902182452366,-0.0059183795423236,-0.0082294523201903,0.0034678423692182,0.0023110727778667,0.196078431372549,0.02,50,719161530,lag123,"1,2,3",3
population_state_speed,719161530,VISl,spontaneous,2056,15,ok,0.1208440503425147,0.1316198035986527,0.0107757532561379,-0.0073232626439755,0.0022307642949004,0.0180990159001135,0.0196078431372549,0.0,50,719161530,lag123,"1,2,3",3
population_state_speed,719161530,VISp,spontaneous,2056,15,ok,0.1105730292386694,0.1104522482984502,-0.0001207809402191,-0.0071810477725038,0.0030208170417687,0.0070602668322846,0.0588235294117647,0.04,50,719161530,lag123,"1,2,3",3
active_unit_fraction,719161530,CA1,spontaneous,2041,14,ok,0.1946822375256974,0.2757905535047744,0.0811083159790769,-0.008884306638686,0.002882378688444,0.0899926226177629,0.0196078431372549,0.0,50,719161530,lag1234,"1,2,3,4",4
active_unit_fraction,719161530,LGd,spontaneous,2041,14,ok,0.5616022663699756,0.6042840437423627,0.0426817773723871,-0.0044243867154088,0.0021863458095138,0.0471061640877959,0.0196078431372549,0.06,50,719161530,lag1234,"1,2,3,4",4
active_unit_fraction,719161530,VISl,spontaneous,2041,14,ok,0.2725025882227269,0.3532401190229839,0.080737530800257,-0.007955615923734,0.0026714633359275,0.0886931467239911,0.0196078431372549,0.0,50,719161530,lag1234,"1,2,3,4",4
active_unit_fraction,719161530,VISp,spontaneous,2041,14,ok,0.4609375084979192,0.5404958129940508,0.0795583044961315,-0.0059608302890347,0.0025094407889315,0.0855191347851663,0.0196078431372549,0.0,50,719161530,lag1234,"1,2,3,4",4
population_rate_entropy,719161530,CA1,spontaneous,2041,14,ok,0.2059204521991441,0.2947937875320255,0.0888733353328814,-0.0074428805940761,0.002513497950222,0.0963162159269576,0.0196078431372549,0.0,50,719161530,lag1234,"1,2,3,4",4
population_rate_entropy,719161530,LGd,spontaneous,2041,14,ok,0.47755651248984,0.5137380207602034,0.0361815082703633,-0.0058780017357797,0.001936811469816,0.0420595100061431,0.0196078431372549,0.0,50,719161530,lag1234,"1,2,3,4",4
population_rate_entropy,719161530,VISl,spontaneous,2041,14,ok,0.2159933658463113,0.2850721220509347,0.0690787562046233,-0.0084100022497531,0.0038247281367897,0.0774887584543765,0.0196078431372549,0.0,50,719161530,lag1234,"1,2,3,4",4
population_rate_entropy,719161530,VISp,spontaneous,2041,14,ok,0.3831166903107023,0.4585226094488799,0.0754059191381776,-0.0065473865850527,0.0020496919801254,0.0819533057232303,0.0196078431372549,0.0,50,719161530,lag1234,"1,2,3,4",4
population_mean_rate_hz,719161530,CA1,spontaneous,2041,14,ok,0.1546649747113352,0.19681993277615,0.0421549580648148,-0.0088510465099629,0.0032465530662136,0.0510060045747777,0.0196078431372549,0.0,50,719161530,lag1234,"1,2,3,4",4
population_mean_rate_hz,719161530,LGd,spontaneous,2041,14,ok,0.6184872446626413,0.66485303205178,0.0463657873891387,-0.0043487367722754,0.0016260061153018,0.0507145241614142,0.0196078431372549,0.02,50,719161530,lag1234,"1,2,3,4",4
population_mean_rate_hz,719161530,VISl,spontaneous,2041,14,ok,0.3164775183854255,0.3322523784757598,0.0157748600903343,-0.0072998791443691,0.0023404604717026,0.0230747392347034,0.0196078431372549,0.0,50,719161530,lag1234,"1,2,3,4",4
population_mean_rate_hz,719161530,VISp,spontaneous,2041,14,ok,0.4224481555819404,0.4794039851280143,0.0569558295460739,-0.0064956850668661,0.0023789285911311,0.06345151461294,0.0196078431372549,0.0,50,719161530,lag1234,"1,2,3,4",4
population_state_speed,719161530,CA1,spontaneous,2041,14,ok,0.1075879264826021,0.1389196658875892,0.031331739404987,-0.0097600818543214,0.003395152282422,0.0410918212593084,0.0196078431372549,0.0,50,719161530,lag1234,"1,2,3,4",4
population_state_speed,719161530,LGd,spontaneous,2041,14,ok,0.0589199950882605,0.0487915613138265,-0.0101284337744339,-0.0113202075773546,0.0042922206705789,0.0011917738029206,0.3725490196078431,0.04,50,719161530,lag1234,"1,2,3,4",4
population_state_speed,719161530,VISl,spontaneous,2041,14,ok,0.1220604137782627,0.1314732974433657,0.009412883665103,-0.0099257077638793,0.0031423378501424,0.0193385914289824,0.0196078431372549,0.0,50,719161530,lag1234,"1,2,3,4",4
population_state_speed,719161530,VISp,spontaneous,2041,14,ok,0.1140156193541944,0.1099669348947458,-0.0040486844594486,-0.0093561902847929,0.004079597747462,0.0053075058253443,0.0784313725490196,0.02,50,719161530,lag1234,"1,2,3,4",4
active_unit_fraction,750749662,CA1,spontaneous,2086,15,ok,0.2658414095626331,0.3056782730817066,0.0398368635190734,-0.0016061108466487,0.0015203514347184,0.0414429743657221,0.0196078431372549,0.12,50,750749662,lag1,1,1
active_unit_fraction,750749662,LGd,spontaneous,2086,15,ok,0.5893463066893513,0.6216666335312606,0.0323203268419093,-0.0012151053707283,0.0007361310831354,0.0335354322126377,0.0196078431372549,0.08,50,750749662,lag1,1,1
active_unit_fraction,750749662,VISl,spontaneous,2086,15,ok,0.1893551504468602,0.2238157157738356,0.0344605653269753,-0.0018678834653126,0.0015565759092417,0.036328448792288,0.0196078431372549,0.16,50,750749662,lag1,1,1
active_unit_fraction,750749662,VISp,spontaneous,2086,15,ok,0.1126925176731427,0.1260129766452782,0.0133204589721355,-0.0023860551125459,0.0018965763712276,0.0157065140846815,0.0196078431372549,0.14,50,750749662,lag1,1,1
population_rate_entropy,750749662,CA1,spontaneous,2086,15,ok,0.2713769774769552,0.3087099929917389,0.0373330155147837,-0.0017107749461597,0.0014565821983789,0.0390437904609434,0.0196078431372549,0.2,50,750749662,lag1,1,1
population_rate_entropy,750749662,LGd,spontaneous,2086,15,ok,0.4616207740088104,0.4914621925653241,0.0298414185565136,-0.0012218936153875,0.0010278392390932,0.0310633121719012,0.0196078431372549,0.08,50,750749662,lag1,1,1
population_rate_entropy,750749662,VISl,spontaneous,2086,15,ok,0.2115574987527518,0.2586351727770054,0.0470776740242535,-0.0021681191962407,0.00116456577621,0.0492457932204943,0.0196078431372549,0.02,50,750749662,lag1,1,1
population_rate_entropy,750749662,VISp,spontaneous,2086,15,ok,0.0941137440261318,0.1296575677427621,0.0355438237166303,-0.0015397286802195,0.0018925893862764,0.0370835523968498,0.0196078431372549,0.22,50,750749662,lag1,1,1
population_mean_rate_hz,750749662,CA1,spontaneous,2086,15,ok,0.4243982087512636,0.4584619322075735,0.0340637234563098,-0.0013575826248914,0.0011939063027029,0.0354213060812012,0.0196078431372549,0.1,50,750749662,lag1,1,1
population_mean_rate_hz,750749662,LGd,spontaneous,2086,15,ok,0.6781699173038784,0.7050653136619425,0.026895396358064,-0.0008283977180932,0.0006429320040403,0.0277237940761572,0.0196078431372549,0.1,50,750749662,lag1,1,1
population_mean_rate_hz,750749662,VISl,spontaneous,2086,15,ok,0.1391162910212613,0.1491222780778551,0.0100059870565938,-0.0021312979532189,0.0013227651644012,0.0121372850098128,0.0196078431372549,0.04,50,750749662,lag1,1,1
population_mean_rate_hz,750749662,VISp,spontaneous,2086,15,ok,0.0971138245215805,0.0907728511979485,-0.006340973323632,-0.0021402785366866,0.00151936952861,-0.0042006947869453,0.9803921568627452,0.06,50,750749662,lag1,1,1
population_state_speed,750749662,CA1,spontaneous,2086,15,ok,0.0994380253907125,0.1166976071604429,0.0172595817697304,-0.0023383250069633,0.0015583703582477,0.0195979067766937,0.0196078431372549,0.06,50,750749662,lag1,1,1
population_state_speed,750749662,LGd,spontaneous,2086,15,ok,0.1162456214713125,0.1107993403035372,-0.0054462811677753,-0.0024971624043435,0.0014713076320911,-0.0029491187634318,1.0,0.08,50,750749662,lag1,1,1
population_state_speed,750749662,VISl,spontaneous,2086,15,ok,0.149981370666573,0.1497025051253833,-0.0002788655411897,-0.0021371473060695,0.0013574894755328,0.0018582817648798,0.1372549019607843,0.08,50,750749662,lag1,1,1
population_state_speed,750749662,VISp,spontaneous,2086,15,ok,0.1708687744286074,0.1937954014186315,0.022926626990024,-0.0023635880082337,0.0019967734909216,0.0252902149982577,0.0196078431372549,0.1,50,750749662,lag1,1,1
active_unit_fraction,750749662,CA1,spontaneous,2071,15,ok,0.2654202367733355,0.2977672422713633,0.0323470054980278,-0.0019781002956503,0.0015085060170881,0.0343251057936781,0.0196078431372549,0.14,50,750749662,lag2,2,1
active_unit_fraction,750749662,LGd,spontaneous,2071,15,ok,0.5897745119817112,0.6196676067905103,0.029893094808799,-0.0011746402195581,0.0006484017944852,0.0310677350283572,0.0196078431372549,0.04,50,750749662,lag2,2,1
active_unit_fraction,750749662,VISl,spontaneous,2071,15,ok,0.1888702609889233,0.2541203748580214,0.065250113869098,-0.0021036483662148,0.0014119776893187,0.0673537622353128,0.0196078431372549,0.06,50,750749662,lag2,2,1
active_unit_fraction,750749662,VISp,spontaneous,2071,15,ok,0.1098166913069897,0.1461594111669097,0.0363427198599199,-0.0020128801239134,0.0016122328804994,0.0383555999838334,0.0196078431372549,0.1,50,750749662,lag2,2,1
population_rate_entropy,750749662,CA1,spontaneous,2071,15,ok,0.2723116375293365,0.3067840501332222,0.0344724126038856,-0.0019279176467918,0.0018434793101188,0.0364003302506775,0.0196078431372549,0.12,50,750749662,lag2,2,1
population_rate_entropy,750749662,LGd,spontaneous,2071,15,ok,0.4613022369464055,0.4860404673771042,0.0247382304306987,-0.0012344251796725,0.0010889893779288,0.0259726556103713,0.0196078431372549,0.08,50,750749662,lag2,2,1
population_rate_entropy,750749662,VISl,spontaneous,2071,15,ok,0.2097677775664728,0.2874729320514242,0.0777051544849514,-0.0019409741797593,0.0014870108900885,0.0796461286647108,0.0196078431372549,0.1,50,750749662,lag2,2,1
population_rate_entropy,750749662,VISp,spontaneous,2071,15,ok,0.0920776064098704,0.1494241331615144,0.057346526751644,-0.0022648921645427,0.0020554935010142,0.0596114189161868,0.0196078431372549,0.1,50,750749662,lag2,2,1
population_mean_rate_hz,750749662,CA1,spontaneous,2071,15,ok,0.4232157803255278,0.462146464023112,0.0389306836975841,-0.0013474866576657,0.0010331967675654,0.0402781703552499,0.0196078431372549,0.1,50,750749662,lag2,2,1
population_mean_rate_hz,750749662,LGd,spontaneous,2071,15,ok,0.6794317678286059,0.7065410345609808,0.0271092667323749,-0.0007520889515383,0.0005790981982082,0.0278613556839132,0.0196078431372549,0.1,50,750749662,lag2,2,1
population_mean_rate_hz,750749662,VISl,spontaneous,2071,15,ok,0.1414712392205204,0.1711110920431838,0.0296398528226634,-0.0019153651692178,0.0017232214613423,0.0315552179918812,0.0196078431372549,0.1,50,750749662,lag2,2,1
population_mean_rate_hz,750749662,VISp,spontaneous,2071,15,ok,0.0948677593277051,0.1006842564079112,0.005816497080206,-0.0023488594498197,0.0018575576648884,0.0081653565300257,0.0196078431372549,0.08,50,750749662,lag2,2,1
population_state_speed,750749662,CA1,spontaneous,2071,15,ok,0.0991110415645487,0.1118770941933526,0.0127660526288039,-0.0022698639330735,0.0014647445386197,0.0150359165618775,0.0196078431372549,0.08,50,750749662,lag2,2,1
population_state_speed,750749662,LGd,spontaneous,2071,15,ok,0.1145761628021879,0.1135686980604492,-0.0010074647417387,-0.0026043609266075,0.001495575454792,0.0015968961848688,0.196078431372549,0.02,50,750749662,lag2,2,1
population_state_speed,750749662,VISl,spontaneous,2071,15,ok,0.1555608652269738,0.166793344288012,0.0112324790610381,-0.0020321780830146,0.0016065053822895,0.0132646571440527,0.0196078431372549,0.1,50,750749662,lag2,2,1
population_state_speed,750749662,VISp,spontaneous,2071,15,ok,0.1713427147719172,0.1930511896158984,0.0217084748439811,-0.0015395399172283,0.0015894737628061,0.0232480147612095,0.0196078431372549,0.14,50,750749662,lag2,2,1
active_unit_fraction,750749662,CA1,spontaneous,2071,15,ok,0.2654202367733355,0.3158569832793468,0.0504367465060113,-0.0037608471464936,0.0018414799203171,0.054197593652505,0.0196078431372549,0.02,50,750749662,lag12,"1,2",2
active_unit_fraction,750749662,LGd,spontaneous,2071,15,ok,0.5897745119817112,0.6299006971989984,0.0401261852172872,-0.002078573374071,0.0009921105319798,0.0422047585913582,0.0196078431372549,0.04,50,750749662,lag12,"1,2",2
active_unit_fraction,750749662,VISl,spontaneous,2071,15,ok,0.1888702609889233,0.2601711051368001,0.0713008441478767,-0.0033013970042979,0.0021312227940735,0.0746022411521746,0.0196078431372549,0.06,50,750749662,lag12,"1,2",2
active_unit_fraction,750749662,VISp,spontaneous,2071,15,ok,0.1098166913069897,0.1476569979761635,0.0378403066691737,-0.0041867448578933,0.0027233577783772,0.042027051527067,0.0196078431372549,0.08,50,750749662,lag12,"1,2",2
population_rate_entropy,750749662,CA1,spontaneous,2071,15,ok,0.2723116375293365,0.3208054789287349,0.0484938413993983,-0.003611509346803,0.0017424913745324,0.0521053507462013,0.0196078431372549,0.0,50,750749662,lag12,"1,2",2
population_rate_entropy,750749662,LGd,spontaneous,2071,15,ok,0.4613022369464055,0.4968885583769777,0.0355863214305722,-0.0024953548157003,0.0016316555793099,0.0380816762462726,0.0196078431372549,0.1,50,750749662,lag12,"1,2",2
population_rate_entropy,750749662,VISl,spontaneous,2071,15,ok,0.2097677775664728,0.2983046228893068,0.088536845322834,-0.0041114229512127,0.0016428780846256,0.0926482682740467,0.0196078431372549,0.0,50,750749662,lag12,"1,2",2
population_rate_entropy,750749662,VISp,spontaneous,2071,15,ok,0.0920776064098704,0.1642734358501408,0.0721958294402704,-0.0043082218741707,0.0022926294602863,0.0765040513144412,0.0196078431372549,0.06,50,750749662,lag12,"1,2",2
population_mean_rate_hz,750749662,CA1,spontaneous,2071,15,ok,0.4232157803255278,0.4731180334583473,0.0499022531328194,-0.0030126507618461,0.0013934890486086,0.0529149038946656,0.0196078431372549,0.04,50,750749662,lag12,"1,2",2
population_mean_rate_hz,750749662,LGd,spontaneous,2071,15,ok,0.6794317678286059,0.713294708995462,0.033862941166856,-0.001805686415987,0.0006805002042844,0.0356686275828431,0.0196078431372549,0.0,50,750749662,lag12,"1,2",2
population_mean_rate_hz,750749662,VISl,spontaneous,2071,15,ok,0.1414712392205204,0.1683874803867638,0.0269162411662434,-0.0039503965798923,0.0022333104928547,0.0308666377461357,0.0196078431372549,0.04,50,750749662,lag12,"1,2",2
population_mean_rate_hz,750749662,VISp,spontaneous,2071,15,ok,0.0948677593277051,0.0935219940219804,-0.0013457653057247,-0.0046684194472892,0.0027518349282759,0.0033226541415645,0.1176470588235294,0.02,50,750749662,lag12,"1,2",2
population_state_speed,750749662,CA1,spontaneous,2071,15,ok,0.0991110415645487,0.1231433543882326,0.0240323128236839,-0.0049088139893025,0.002435743289626,0.0289411268129864,0.0196078431372549,0.06,50,750749662,lag12,"1,2",2
population_state_speed,750749662,LGd,spontaneous,2071,15,ok,0.1145761628021879,0.1070342786803227,-0.0075418841218651,-0.0047776943503632,0.0020468212854578,-0.0027641897715019,0.9803921568627452,0.04,50,750749662,lag12,"1,2",2
population_state_speed,750749662,VISl,spontaneous,2071,15,ok,0.1555608652269738,0.1664635550119404,0.0109026897849665,-0.0043625963617523,0.0026405558565368,0.0152652861467188,0.0196078431372549,0.04,50,750749662,lag12,"1,2",2
population_state_speed,750749662,VISp,spontaneous,2071,15,ok,0.1713427147719172,0.2067031182390116,0.0353604034670944,-0.0038736450768455,0.0025788686195,0.0392340485439399,0.0196078431372549,0.1,50,750749662,lag12,"1,2",2
active_unit_fraction,750749662,CA1,spontaneous,2056,15,ok,0.2662372788262147,0.3227133326646848,0.0564760538384701,-0.0055828175748648,0.0024886896198536,0.0620588714133349,0.0196078431372549,0.02,50,750749662,lag123,"1,2,3",3
active_unit_fraction,750749662,LGd,spontaneous,2056,15,ok,0.5909857012051236,0.6331672665780184,0.0421815653728947,-0.0033518855919918,0.0012860644221152,0.0455334509648866,0.0196078431372549,0.0,50,750749662,lag123,"1,2,3",3
active_unit_fraction,750749662,VISl,spontaneous,2056,15,ok,0.1931201926339378,0.2768911641476338,0.0837709715136959,-0.0059443986763353,0.002788337106544,0.0897153701900312,0.0196078431372549,0.02,50,750749662,lag123,"1,2,3",3
active_unit_fraction,750749662,VISp,spontaneous,2056,15,ok,0.1150319307056437,0.1667416006613045,0.0517096699556607,-0.0062116464239738,0.0034074909442726,0.0579213163796346,0.0196078431372549,0.04,50,750749662,lag123,"1,2,3",3
population_rate_entropy,750749662,CA1,spontaneous,2056,15,ok,0.2727598725985213,0.3276568690767304,0.0548969964782091,-0.0062181447087058,0.0020649446644303,0.0611151411869149,0.0196078431372549,0.0,50,750749662,lag123,"1,2,3",3
population_rate_entropy,750749662,LGd,spontaneous,2056,15,ok,0.4624949920721057,0.5012135870430413,0.0387185949709355,-0.0042041138661112,0.0018068376032227,0.0429227088370468,0.0196078431372549,0.02,50,750749662,lag123,"1,2,3",3
population_rate_entropy,750749662,VISl,spontaneous,2056,15,ok,0.2112338153480587,0.3155048944441373,0.1042710790960785,-0.0059939470933118,0.0032116546537657,0.1102650261893904,0.0196078431372549,0.06,50,750749662,lag123,"1,2,3",3
population_rate_entropy,750749662,VISp,spontaneous,2056,15,ok,0.0954269107848192,0.1974711900856454,0.1020442793008261,-0.0072035777495687,0.0030568040355596,0.1092478570503949,0.0196078431372549,0.02,50,750749662,lag123,"1,2,3",3
population_mean_rate_hz,750749662,CA1,spontaneous,2056,15,ok,0.4233903127850857,0.4760293872145027,0.0526390744294169,-0.0046286046055379,0.0018971956885322,0.0572676790349548,0.0196078431372549,0.02,50,750749662,lag123,"1,2,3",3
population_mean_rate_hz,750749662,LGd,spontaneous,2056,15,ok,0.6777785697832757,0.7139010999689078,0.0361225301856321,-0.0025709912861457,0.001138051630954,0.0386935214717779,0.0196078431372549,0.02,50,750749662,lag123,"1,2,3",3
population_mean_rate_hz,750749662,VISl,spontaneous,2056,15,ok,0.1493469379053688,0.1779266895749618,0.028579751669593,-0.0067649811995248,0.002887813695065,0.0353447328691178,0.0196078431372549,0.0,50,750749662,lag123,"1,2,3",3
population_mean_rate_hz,750749662,VISp,spontaneous,2056,15,ok,0.1028479204501783,0.1071945987920147,0.0043466783418364,-0.0071679770925469,0.0026981523663116,0.0115146554343833,0.0196078431372549,0.0,50,750749662,lag123,"1,2,3",3
population_state_speed,750749662,CA1,spontaneous,2056,15,ok,0.0991933063532916,0.1216733640632122,0.0224800577099206,-0.0070705357784643,0.0033609290599247,0.029550593488385,0.0196078431372549,0.02,50,750749662,lag123,"1,2,3",3
population_state_speed,750749662,LGd,spontaneous,2056,15,ok,0.1143068481940903,0.1014307174636194,-0.0128761307304708,-0.0073481966225251,0.0027306471790102,-0.0055279341079457,0.9803921568627452,0.0,50,750749662,lag123,"1,2,3",3
population_state_speed,750749662,VISl,spontaneous,2056,15,ok,0.143895890362842,0.1424664087258917,-0.0014294816369502,-0.0063858221275027,0.0026656877360392,0.0049563404905524,0.0196078431372549,0.0,50,750749662,lag123,"1,2,3",3
population_state_speed,750749662,VISp,spontaneous,2056,15,ok,0.1620695527045548,0.2021127661931072,0.0400432134885524,-0.0060435827482788,0.0026364116512243,0.0460867962368313,0.0196078431372549,0.0,50,750749662,lag123,"1,2,3",3
active_unit_fraction,750749662,CA1,spontaneous,2041,14,ok,0.2741701751213262,0.3383256905161002,0.0641555153947739,-0.0076970133544421,0.0027589249159758,0.0718525287492161,0.0196078431372549,0.0,50,750749662,lag1234,"1,2,3,4",4
active_unit_fraction,750749662,LGd,spontaneous,2041,14,ok,0.5929794745398993,0.6355979625268933,0.0426184879869939,-0.0041205734793622,0.0016719445041774,0.0467390614663562,0.0196078431372549,0.0,50,750749662,lag1234,"1,2,3,4",4
active_unit_fraction,750749662,VISl,spontaneous,2041,14,ok,0.1934423562545297,0.2798973258785865,0.0864549696240567,-0.0082913191102508,0.003315410943081,0.0947462887343075,0.0196078431372549,0.0,50,750749662,lag1234,"1,2,3,4",4
active_unit_fraction,750749662,VISp,spontaneous,2041,14,ok,0.1133304957936465,0.1664023136633412,0.0530718178696947,-0.00805883227316,0.0041822929564751,0.0611306501428548,0.0196078431372549,0.04,50,750749662,lag1234,"1,2,3,4",4
population_rate_entropy,750749662,CA1,spontaneous,2041,14,ok,0.2892859752554935,0.356629809628127,0.0673438343726335,-0.0073622283980811,0.0031182455259079,0.0747060627707147,0.0196078431372549,0.0,50,750749662,lag1234,"1,2,3,4",4
population_rate_entropy,750749662,LGd,spontaneous,2041,14,ok,0.4666185738613035,0.5059016065737804,0.0392830327124767,-0.0055027673837814,0.0021747413069558,0.0447858000962582,0.0196078431372549,0.0,50,750749662,lag1234,"1,2,3,4",4
population_rate_entropy,750749662,VISl,spontaneous,2041,14,ok,0.2120019294879979,0.3202391604924876,0.1082372310044896,-0.0079318625088167,0.0035495187289227,0.1161690935133064,0.0196078431372549,0.02,50,750749662,lag1234,"1,2,3,4",4
population_rate_entropy,750749662,VISp,spontaneous,2041,14,ok,0.0912923030578807,0.1961072918528501,0.1048149887949694,-0.0077185826362503,0.0038303992522507,0.1125335714312198,0.0196078431372549,0.02,50,750749662,lag1234,"1,2,3,4",4
population_mean_rate_hz,750749662,CA1,spontaneous,2041,14,ok,0.424679992844993,0.4780551450829846,0.0533751522379916,-0.0056932078547791,0.0018580790675159,0.0590683600927707,0.0196078431372549,0.0,50,750749662,lag1234,"1,2,3,4",4
population_mean_rate_hz,750749662,LGd,spontaneous,2041,14,ok,0.6771364949902818,0.7169411523238083,0.0398046573335264,-0.0038822600692429,0.000983684961622,0.0436869174027693,0.0196078431372549,0.0,50,750749662,lag1234,"1,2,3,4",4
population_mean_rate_hz,750749662,VISl,spontaneous,2041,14,ok,0.148650743111037,0.1779852363450539,0.0293344932340169,-0.0086777101583932,0.0035817430794712,0.0380122033924102,0.0196078431372549,0.0,50,750749662,lag1234,"1,2,3,4",4
population_mean_rate_hz,750749662,VISp,spontaneous,2041,14,ok,0.1022349422849813,0.1008511144594787,-0.0013838278255026,-0.0094218710089441,0.0034834495126765,0.0080380431834415,0.0392156862745098,0.0,50,750749662,lag1234,"1,2,3,4",4
population_state_speed,750749662,CA1,spontaneous,2041,14,ok,0.0975205828352784,0.1062706903493728,0.0087501075140944,-0.009443967767501,0.0032138584631608,0.0181940752815954,0.0196078431372549,0.0,50,750749662,lag1234,"1,2,3,4",4
population_state_speed,750749662,LGd,spontaneous,2041,14,ok,0.1177795976788481,0.1027018526272066,-0.0150777450516415,-0.0098097343614164,0.0032593365495963,-0.005268010690225,0.9607843137254902,0.0,50,750749662,lag1234,"1,2,3,4",4
population_state_speed,750749662,VISl,spontaneous,2041,14,ok,0.1438747270416928,0.1503997306885852,0.0065250036468924,-0.0092341881558375,0.0033018186470504,0.01575919180273,0.0196078431372549,0.0,50,750749662,lag1234,"1,2,3,4",4
population_state_speed,750749662,VISp,spontaneous,2041,14,ok,0.1605803176341274,0.2046594081637287,0.0440790905296013,-0.008924633013275,0.003368746653316,0.0530037235428763,0.0196078431372549,0.0,50,750749662,lag1234,"1,2,3,4",4
